rank,title,singer,album,date,like
1,Perfect Night,Perfect Night,LE SSERAFIM (르세라핌),2024.01.01 ~ 2024.01.07,114116
2,Drama,Drama - The 4th Mini Album,aespa,2024.01.01 ~ 2024.01.07,85697
3,To. X,To. X - The 5th Mini Album,태연 (TAEYEON),2024.01.01 ~ 2024.01.07,143671
4,비의 랩소디,비의 랩소디,임재현,2024.01.01 ~ 2024.01.07,68681
5,첫 눈,겨울 스페셜 앨범 '12월의 기적 (Miracles In December)',EXO,2024.01.01 ~ 2024.01.07,287034
6,헤어지자 말해요,1집 Alone,박재정,2024.01.01 ~ 2024.01.07,169627
7,인사,인사,범진,2024.01.01 ~ 2024.01.07,107629
8,Baddie,I'VE MINE,IVE (아이브),2024.01.01 ~ 2024.01.07,68611
9,그대만 있다면 (여름날 우리 X 너드커넥션 (Nerd Connection)),그대만 있다면 (여름날 우리 X 너드커넥션 (Nerd Connection)),너드커넥션 (Nerd Connection),2024.01.01 ~ 2024.01.07,97958
10,Love Lee,Love Lee,AKMU (악뮤),2024.01.01 ~ 2024.01.07,121154
11,Seven (feat. Latto) - Clean Ver.,Seven (feat. Latto) - Clean Ver.,정국,2024.01.01 ~ 2024.01.07,208049
12,I AM,I've IVE,IVE (아이브),2024.01.01 ~ 2024.01.07,213068
13,You & Me,JENNIE Special Single [You & Me],제니 (JENNIE),2024.01.01 ~ 2024.01.07,69355
14,에피소드,에피소드,이무진,2024.01.01 ~ 2024.01.07,68262
15,후라이의 꿈,Love Lee,AKMU (악뮤),2024.01.01 ~ 2024.01.07,125223
16,Super Shy,NewJeans 2nd EP 'Get Up',NewJeans,2024.01.01 ~ 2024.01.07,162114
17,Ditto,NewJeans 'OMG',NewJeans,2024.01.01 ~ 2024.01.07,281545
18,사막에서 꽃을 피우듯,사막에서 꽃을 피우듯,우디 (Woody),2024.01.01 ~ 2024.01.07,85629
19,너의 모든 순간,별에서 온 그대 OST Part.7,성시경,2024.01.01 ~ 2024.01.07,295794
20,ETA,NewJeans 2nd EP 'Get Up',NewJeans,2024.01.01 ~ 2024.01.07,120528
21,"잘 지내자, 우리 (여름날 우리 X 로이킴)","잘 지내자, 우리 (여름날 우리 X 로이킴)",로이킴,2024.01.01 ~ 2024.01.07,79589
22,퀸카 (Queencard),I feel,(여자)아이들,2024.01.01 ~ 2024.01.07,143688
23,Hype Boy,NewJeans 1st EP 'New Jeans',NewJeans,2024.01.01 ~ 2024.01.07,287856
24,Get A Guitar,Get A Guitar,RIIZE,2024.01.01 ~ 2024.01.07,90163
25,사랑은 늘 도망가,신사와 아가씨 OST Part.2,임영웅,2024.01.01 ~ 2024.01.07,212151
26,별 떨어진다 (I Do),기대 - The 2nd Mini Album,디오 (D.O.),2024.01.01 ~ 2024.01.07,76320
27,Standing Next to You,GOLDEN,정국,2024.01.01 ~ 2024.01.07,69049
28,Either Way,I'VE MINE,IVE (아이브),2024.01.01 ~ 2024.01.07,75855
29,"Smoke (Prod. Dynamicduo, Padi)",스트릿 우먼 파이터2(SWF2) 계급미션,"다이나믹 듀오, 이영지",2024.01.01 ~ 2024.01.07,58505
30,"어떻게 이별까지 사랑하겠어, 널 사랑하는 거지",항해,AKMU (악뮤),2024.01.01 ~ 2024.01.07,436770
31,Discord,1st Single Album 'Harmony from Discord',QWER,2024.01.01 ~ 2024.01.07,55911
32,사랑할 수밖에,Merry Go Round,볼빨간사춘기,2024.01.01 ~ 2024.01.07,37774
33,사랑인가 봐,사랑인가 봐 (사내맞선 OST 스페셜 트랙),멜로망스,2024.01.01 ~ 2024.01.07,206490
34,사건의 지평선,YOUNHA 6th Album Repackage 'END THEORY : Final Edition',윤하 (YOUNHA),2024.01.01 ~ 2024.01.07,322116
35,Off The Record,I'VE MINE,IVE (아이브),2024.01.01 ~ 2024.01.07,57378
36,Fast Forward,GAME PLAN,전소미,2024.01.01 ~ 2024.01.07,76049
37,Spicy,MY WORLD - The 3rd Mini Album,aespa,2024.01.01 ~ 2024.01.07,132530
38,OMG,NewJeans 'OMG',NewJeans,2024.01.01 ~ 2024.01.07,200695
39,사랑하지 않아서 그랬어,사랑하지 않아서 그랬어,임한별,2024.01.01 ~ 2024.01.07,58624
40,Kitsch,I've IVE,IVE (아이브),2024.01.01 ~ 2024.01.07,157612
41,"이브, 프시케 그리고 푸른 수염의 아내",UNFORGIVEN,LE SSERAFIM (르세라핌),2024.01.01 ~ 2024.01.07,116710
42,취중고백,취중고백,김민석,2024.01.01 ~ 2024.01.07,183361
43,잠시라도 우리,잠시라도 우리,"성시경, 나얼",2024.01.01 ~ 2024.01.07,39617
44,Steal The Show (From “엘리멘탈”),Steal The Show (From “엘리멘탈”),Lauv,2024.01.01 ~ 2024.01.07,172192
45,LOVE DIVE,LOVE DIVE,IVE (아이브),2024.01.01 ~ 2024.01.07,249334
46,심(心),심(心),DK(디셈버),2024.01.01 ~ 2024.01.07,78634
47,음악의 신,SEVENTEEN 11th Mini Album ‘SEVENTEENTH HEAVEN',세븐틴 (SEVENTEEN),2024.01.01 ~ 2024.01.07,89053
48,물론,물론,허각,2024.01.01 ~ 2024.01.07,56589
49,I Don't Think That I Like Her,CHARLIE,Charlie Puth,2024.01.01 ~ 2024.01.07,202489
50,Chill Kill,Chill Kill - The 3rd Album,Red Velvet (레드벨벳),2024.01.01 ~ 2024.01.07,42780
51,After LIKE,After LIKE,IVE (아이브),2024.01.01 ~ 2024.01.07,241580
52,Bubble,TEENFRESH,STAYC(스테이씨),2024.01.01 ~ 2024.01.07,57757
53,파이팅 해야지 (Feat. 이영지),부석순 1st Single Album 'SECOND WIND',부석순 (SEVENTEEN),2024.01.01 ~ 2024.01.07,189183
54,주저하는 연인들을 위해,전설,잔나비,2024.01.01 ~ 2024.01.07,416713
55,해요 (2022),해요 (2022),#안녕,2024.01.01 ~ 2024.01.07,97847
56,화이트 (White),화이트 (White),폴킴,2024.01.01 ~ 2024.01.07,18808
57,눈이 오잖아(Feat.헤이즈),눈이 오잖아(Feat.헤이즈),이무진,2024.01.01 ~ 2024.01.07,135134
58,다정히 내 이름을 부르면,다정히 내 이름을 부르면 (경서예지 x 전건호),"경서예지, 전건호",2024.01.01 ~ 2024.01.07,188351
59,MANIAC,The 4th Mini Album 'VERSUS',VIVIZ (비비지),2024.01.01 ~ 2024.01.07,53226
60,GODS,2023 리그 오브 레전드 월드 챔피언십 주제곡,"NewJeans, League of Legends",2024.01.01 ~ 2024.01.07,46121
61,"모든 날, 모든 순간 (Every day, Every Moment)",'키스 먼저 할까요?' OST Part.3,폴킴,2024.01.01 ~ 2024.01.07,438825
62,우리들의 블루스,IM HERO,임영웅,2024.01.01 ~ 2024.01.07,104401
63,Attention,NewJeans 1st EP 'New Jeans',NewJeans,2024.01.01 ~ 2024.01.07,239209
64,Dangerously,Nine Track Mind (Deluxe Edition),Charlie Puth,2024.01.01 ~ 2024.01.07,208897
65,Dynamite,Dynamite (DayTime Version),방탄소년단,2024.01.01 ~ 2024.01.07,462975
66,손오공,SEVENTEEN 10th Mini Album ‘FML',세븐틴 (SEVENTEEN),2024.01.01 ~ 2024.01.07,171472
67,사랑..그게 뭔데,사랑..그게 뭔데,지아,2024.01.01 ~ 2024.01.07,42969
68,그대가 내 안에 박혔다(그내박),그대가 내 안에 박혔다(그내박),순순희(기태),2024.01.01 ~ 2024.01.07,39721
69,나에게 그대만이,나에게 그대만이,탑현,2024.01.01 ~ 2024.01.07,51281
70,Do or Die,Do or Die,임영웅,2024.01.01 ~ 2024.01.07,41990
71,"그대가 있는 곳, 언제 어디든",로이킴 X 마이데몬,로이킴,2024.01.01 ~ 2024.01.07,27217
72,Snowman,Everyday Is Christmas (Snowman Deluxe Edition),Sia,2024.01.01 ~ 2024.01.07,265302
73,UNFORGIVEN (feat. Nile Rodgers),UNFORGIVEN,LE SSERAFIM (르세라핌),2024.01.01 ~ 2024.01.07,122399
74,모래 알갱이,모래 알갱이,임영웅,2024.01.01 ~ 2024.01.07,59530
75,I Love My Body,I Love My Body,화사 (HWASA),2024.01.01 ~ 2024.01.07,34640
76,한 페이지가 될 수 있게,The Book of Us : Gravity,DAY6 (데이식스),2024.01.01 ~ 2024.01.07,262086
77,다시 만날 수 있을까,IM HERO,임영웅,2024.01.01 ~ 2024.01.07,84905
78,봄날,YOU NEVER WALK ALONE,방탄소년단,2024.01.01 ~ 2024.01.07,561624
79,예뻤어,Every DAY6 February,DAY6 (데이식스),2024.01.01 ~ 2024.01.07,300395
80,이제 나만 믿어요,내일은 미스터트롯 우승자 특전곡,임영웅,2024.01.01 ~ 2024.01.07,174401
81,Butter,Butter,방탄소년단,2024.01.01 ~ 2024.01.07,296561
82,무지개,IM HERO,임영웅,2024.01.01 ~ 2024.01.07,74070
83,"밤, 바다",여행: 플리(playlist) OST Part.2,최유리,2024.01.01 ~ 2024.01.07,33738
84,크리스마스니까,Jelly Christmas 2012 HEART PROJECT,"성시경, 박효신, 이석훈, 서인국, VIXX (빅스)",2024.01.01 ~ 2024.01.07,171262
85,아버지,IM HERO,임영웅,2024.01.01 ~ 2024.01.07,59499
86,London Boy,Polaroid,임영웅,2024.01.01 ~ 2024.01.07,60758
87,건물 사이에 피어난 장미 (Rose Blossom),H1-KEY 1st Mini Album [Rose Blossom],H1-KEY (하이키),2024.01.01 ~ 2024.01.07,109861
88,Summer (Feat. BE’O (비오)),Summer,Paul Blanco,2024.01.01 ~ 2024.01.07,133774
89,STAY,Stay,"The Kid LAROI, Justin Bieber",2024.01.01 ~ 2024.01.07,283122
90,Polaroid,Polaroid,임영웅,2024.01.01 ~ 2024.01.07,54664
91,인생찬가,IM HERO,임영웅,2024.01.01 ~ 2024.01.07,54553
92,숲,유영,최유리,2024.01.01 ~ 2024.01.07,113508
93,3D (feat. Jack Harlow),3D (feat. Jack Harlow),"정국, Jack Harlow",2024.01.01 ~ 2024.01.07,59961
94,All I Want for Christmas Is You,Merry Christmas (Deluxe Anniversary Edition),Mariah Carey,2024.01.01 ~ 2024.01.07,236578
95,어른,나의 아저씨 OST Part.2,Sondia,2024.01.01 ~ 2024.01.07,245675
96,Merry PLLIstmas,Merry PLLIstmas,PLAVE,2024.01.01 ~ 2024.01.07,31198
97,꽃,ME,지수 (JISOO),2024.01.01 ~ 2024.01.07,123495
98,A bientot,IM HERO,임영웅,2024.01.01 ~ 2024.01.07,55627
99,Yes or No,GOLDEN,정국,2024.01.01 ~ 2024.01.07,38674
100,희재,국화꽃 향기 OST,성시경,2024.01.01 ~ 2024.01.07,161627
1,Ditto,NewJeans 'OMG',NewJeans,2023.01.02 ~ 2023.01.08,281545
2,사건의 지평선,YOUNHA 6th Album Repackage 'END THEORY : Final Edition',윤하 (YOUNHA),2023.01.02 ~ 2023.01.08,322116
3,OMG,NewJeans 'OMG',NewJeans,2023.01.02 ~ 2023.01.08,200695
4,Hype Boy,NewJeans 1st EP 'New Jeans',NewJeans,2023.01.02 ~ 2023.01.08,287856
5,NOT SORRY (Feat. pH-1) (Prod. by Slom),쇼미더머니 11 Episode 3,이영지,2023.01.02 ~ 2023.01.08,108509
6,ANTIFRAGILE,ANTIFRAGILE,LE SSERAFIM (르세라핌),2023.01.02 ~ 2023.01.08,171358
7,Candy,Candy - Winter Special Mini Album,NCT DREAM,2023.01.02 ~ 2023.01.08,177554
8,After LIKE,After LIKE,IVE (아이브),2023.01.02 ~ 2023.01.08,241580
9,Attention,NewJeans 1st EP 'New Jeans',NewJeans,2023.01.02 ~ 2023.01.08,239209
10,Nxde,I love,(여자)아이들,2023.01.02 ~ 2023.01.08,163793
11,마이웨이 (MY WAY) (Prod. R.Tee),쇼미더머니 11 Episode 1,"저스디스 (JUSTHIS), R.Tee, 던말릭 (DON MALIK), 허성현 (Huh), KHAN, 맥대디 (Mckdaddy), 로스 (Los)",2023.01.02 ~ 2023.01.08,89095
12,새삥 (Prod. ZICO) (Feat. 호미들),스트릿 맨 파이터(SMF) Original Vol.3 (계급미션),지코 (ZICO),2023.01.02 ~ 2023.01.08,149764
13,LOVE DIVE,LOVE DIVE,IVE (아이브),2023.01.02 ~ 2023.01.08,249334
14,Monologue,Monologue,테이,2023.01.02 ~ 2023.01.08,94198
15,너의 모든 순간,별에서 온 그대 OST Part.7,성시경,2023.01.02 ~ 2023.01.08,295794
16,Cookie,NewJeans 1st EP 'New Jeans',NewJeans,2023.01.02 ~ 2023.01.08,144738
17,그대를 알고,그대를 알고,송하예,2023.01.02 ~ 2023.01.08,43273
18,Shut Down,BORN PINK,BLACKPINK,2023.01.02 ~ 2023.01.08,125853
19,사랑은 늘 도망가,신사와 아가씨 OST Part.2,임영웅,2023.01.02 ~ 2023.01.08,212151
20,해요 (2022),해요 (2022),#안녕,2023.01.02 ~ 2023.01.08,97847
21,잘가요,잘가요,주호,2023.01.02 ~ 2023.01.08,43355
22,사랑인가 봐,사랑인가 봐 (사내맞선 OST 스페셜 트랙),멜로망스,2023.01.02 ~ 2023.01.08,206490
23,Pink Venom,BORN PINK,BLACKPINK,2023.01.02 ~ 2023.01.08,160128
24,Dreamers [Music from the FIFA World Cup Qatar 2022 Official Soundtrack] (Feat. FIFA Sound),Dreamers [Music from the FIFA World Cup Qatar 2022 Official Soundtrack],"정국, 방탄소년단",2023.01.02 ~ 2023.01.08,137141
25,Rush Hour (Feat. j-hope of BTS),Rush Hour,Crush,2023.01.02 ~ 2023.01.08,116778
26,TOMBOY,I NEVER DIE,(여자)아이들,2023.01.02 ~ 2023.01.08,243116
27,내가 아니라도,내가 아니라도,주호,2023.01.02 ~ 2023.01.08,109324
28,그때 그 순간 그대로 (그그그),WSG워너비 1집,WSG워너비 (가야G),2023.01.02 ~ 2023.01.08,132563
29,자격지심 (Feat. ZICO),FIVE SENSES,BE'O (비오),2023.01.02 ~ 2023.01.08,93568
30,딱 10CM만,딱 10CM만,"10CM, BIG Naughty (서동현)",2023.01.02 ~ 2023.01.08,118339
31,FEARLESS,FEARLESS,LE SSERAFIM (르세라핌),2023.01.02 ~ 2023.01.08,119119
32,그라데이션,5.3,10CM,2023.01.02 ~ 2023.01.08,167833
33,WHEN I MOVE,MOVE AGAIN,카라,2023.01.02 ~ 2023.01.08,55895
34,정이라고 하자 (Feat. 10CM),정이라고 하자,BIG Naughty (서동현),2023.01.02 ~ 2023.01.08,223024
35,취중고백,취중고백,김민석,2023.01.02 ~ 2023.01.08,183361
36,"미운오리새끼 (Feat. 선우정아, BOBBY) (Prod. R.Tee)",쇼미더머니 11 Semi Final,허성현 (Huh),2023.01.02 ~ 2023.01.08,34744
37,나의 X에게,나의 X에게,경서,2023.01.02 ~ 2023.01.08,151796
38,그 겨울이 잠든 거리에서,그 겨울이 잠든 거리에서 (경서예지 x 전건호),"경서예지, 전건호",2023.01.02 ~ 2023.01.08,21465
39,Say I Love You,Say I Love You (Re : WIND 4MEN Vol.04),우디 (Woody),2023.01.02 ~ 2023.01.08,82262
40,ELEVEN,ELEVEN,IVE (아이브),2023.01.02 ~ 2023.01.08,192133
41,"눈 (EYE) (Feat. BIG Naughty, 저스디스 (JUSTHIS)) (Prod. R.Tee)",쇼미더머니 11 Episode 3,던말릭 (DON MALIK),2023.01.02 ~ 2023.01.08,38154
42,우리들의 블루스,IM HERO,임영웅,2023.01.02 ~ 2023.01.08,104401
43,다정히 내 이름을 부르면,다정히 내 이름을 부르면 (경서예지 x 전건호),"경서예지, 전건호",2023.01.02 ~ 2023.01.08,188351
44,Snowman,Everyday Is Christmas (Snowman Deluxe Edition),Sia,2023.01.02 ~ 2023.01.08,265302
45,보고싶었어,WSG워너비 1집,WSG워너비(4FIRE),2023.01.02 ~ 2023.01.08,131863
46,"모든 날, 모든 순간 (Every day, Every Moment)",'키스 먼저 할까요?' OST Part.3,폴킴,2023.01.02 ~ 2023.01.08,438825
47,That's Hilarious,CHARLIE,Charlie Puth,2023.01.02 ~ 2023.01.08,180315
48,첫사랑,첫사랑,백아,2023.01.02 ~ 2023.01.08,187297
49,떠나보낼 준비해 둘걸 그랬어,떠나보낼 준비해 둘걸 그랬어,임한별,2023.01.02 ~ 2023.01.08,52615
50,I Don't Think That I Like Her,CHARLIE,Charlie Puth,2023.01.02 ~ 2023.01.08,202489
51,LOVE me,LOVE me,BE'O (비오),2023.01.02 ~ 2023.01.08,152906
52,우린 그렇게 사랑해서,우린 그렇게 사랑해서,"강민경 (다비치), 잔나비 최정훈",2023.01.02 ~ 2023.01.08,72016
53,밤하늘의 별을(2020),밤하늘의 별을(2020),경서,2023.01.02 ~ 2023.01.08,230550
54,오르트구름,YOUNHA 6th Album 'END THEORY',윤하 (YOUNHA),2023.01.02 ~ 2023.01.08,122840
55,다시 만날 수 있을까,IM HERO,임영웅,2023.01.02 ~ 2023.01.08,84905
56,내 기쁨은 너가 벤틀리를 끄는 거야,PROTOTYPE RESEARCH #0063,김승민,2023.01.02 ~ 2023.01.08,115342
57,그댄 행복에 살텐데 (2022),그댄 행복에 살텐데 (2022),최유리,2023.01.02 ~ 2023.01.08,45087
58,위하여 (We Higher) (Prod. GroovyRoom),쇼미더머니 11 Episode 1,"그루비룸 (GroovyRoom), 릴보이 (lIlBOI), 블라세 (BLASÉ), 노윤하, Polodared, Chillin Homie, Fleeky Bang",2023.01.02 ~ 2023.01.08,55854
59,새벽에 걸려온 너의 전화는,미련을 말하는,한동근,2023.01.02 ~ 2023.01.08,64585
60,눈이 오잖아(Feat.헤이즈),눈이 오잖아(Feat.헤이즈),이무진,2023.01.02 ~ 2023.01.08,135134
61,STAY,Stay,"The Kid LAROI, Justin Bieber",2023.01.02 ~ 2023.01.08,283122
62,Dynamite,Dynamite (DayTime Version),방탄소년단,2023.01.02 ~ 2023.01.08,462975
63,봄여름가을겨울 (Still Life),봄여름가을겨울 (Still Life),BIGBANG (빅뱅),2023.01.02 ~ 2023.01.08,306109
64,That That (prod. & feat. SUGA of BTS),싸다9,싸이 (PSY),2023.01.02 ~ 2023.01.08,137076
65,주저하는 연인들을 위해,전설,잔나비,2023.01.02 ~ 2023.01.08,416713
66,"빡 (Feat. 팔로알토 (Paloalto), 저스디스 (JUSTHIS)) (Prod. R.Tee)",쇼미더머니 11 Semi Final,던말릭 (DON MALIK),2023.01.02 ~ 2023.01.08,22135
67,이제 나만 믿어요,내일은 미스터트롯 우승자 특전곡,임영웅,2023.01.02 ~ 2023.01.08,174401
68,아픈 나를 (Prod. By 나얼),나얼 <Ballad Pop City>,성시경,2023.01.02 ~ 2023.01.08,22693
69,Love story,Seoul,볼빨간사춘기,2023.01.02 ~ 2023.01.08,124316
70,"나침반 (Feat. UNEDUCATED KID, 수퍼비 (SUPERBEE)) (Prod. R.Tee)",쇼미더머니 11 Episode 3,KHAN,2023.01.02 ~ 2023.01.08,24003
71,FOREVER 1,FOREVER 1 - The 7th Album,소녀시대 (GIRLS' GENERATION),2023.01.02 ~ 2023.01.08,111377
72,무지개,IM HERO,임영웅,2023.01.02 ~ 2023.01.08,74070
73,Butter,Butter,방탄소년단,2023.01.02 ~ 2023.01.08,296561
74,London Boy,Polaroid,임영웅,2023.01.02 ~ 2023.01.08,60758
75,흩어지지 않게,흩어지지 않게,엠씨더맥스 (M.C the MAX),2023.01.02 ~ 2023.01.08,26007
76,봄날,YOU NEVER WALK ALONE,방탄소년단,2023.01.02 ~ 2023.01.08,561624
77,이 소설의 끝을 다시 써보려 해,이 소설의 끝을 다시 써보려 해,테이,2023.01.02 ~ 2023.01.08,11265
78,도깨비불 (Illusion),Girls - The 2nd Mini Album,aespa,2023.01.02 ~ 2023.01.08,98253
79,아버지,IM HERO,임영웅,2023.01.02 ~ 2023.01.08,59499
80,"WITCH (Feat. 박재범, So!YoON!) (Prod. by Slom)",쇼미더머니 11 Semi Final,이영지,2023.01.02 ~ 2023.01.08,16218
81,Polaroid,Polaroid,임영웅,2023.01.02 ~ 2023.01.08,54664
82,Permission to Dance,Butter / Permission to Dance,방탄소년단,2023.01.02 ~ 2023.01.08,230589
83,Off My Face,Justice (The Complete Edition),Justin Bieber,2023.01.02 ~ 2023.01.08,190078
84,Graduation,Candy - Winter Special Mini Album,NCT DREAM,2023.01.02 ~ 2023.01.08,73175
85,A bientot,IM HERO,임영웅,2023.01.02 ~ 2023.01.08,55627
86,Yet To Come,Proof,방탄소년단,2023.01.02 ~ 2023.01.08,129394
87,첫 눈,겨울 스페셜 앨범 '12월의 기적 (Miracles In December)',EXO,2023.01.02 ~ 2023.01.08,287034
88,신호등,신호등,이무진,2023.01.02 ~ 2023.01.08,302784
89,인생찬가,IM HERO,임영웅,2023.01.02 ~ 2023.01.08,54553
90,내 손을 잡아,최고의 사랑 OST Part.4,아이유,2023.01.02 ~ 2023.01.08,216235
91,SNEAKERS,CHECKMATE,ITZY (있지),2023.01.02 ~ 2023.01.08,81210
92,손이 참 곱던 그대,IM HERO,임영웅,2023.01.02 ~ 2023.01.08,50868
93,All I Want for Christmas Is You,Merry Christmas (Deluxe Anniversary Edition),Mariah Carey,2023.01.02 ~ 2023.01.08,236578
94,사랑해 진짜,IM HERO,임영웅,2023.01.02 ~ 2023.01.08,52135
95,드라마,조각집,아이유,2023.01.02 ~ 2023.01.08,190540
96,strawberry moon,strawberry moon,아이유,2023.01.02 ~ 2023.01.08,230893
97,사랑한다고 말해줘,사랑한다고 말해줘,탑현,2023.01.02 ~ 2023.01.08,70751
98,연애편지,IM HERO,임영웅,2023.01.02 ~ 2023.01.08,52189
99,Feel My Rhythm,‘The ReVe Festival 2022 - Feel My Rhythm’,Red Velvet (레드벨벳),2023.01.02 ~ 2023.01.08,155826
100,스티커 사진,스티커 사진,21학번,2023.01.02 ~ 2023.01.08,60437
1,Counting Stars (Feat. Beenzino),Counting Stars,BE'O (비오),2022.01.03 ~ 2022.01.09,172086
2,"회전목마 (Feat. Zion.T, 원슈타인) (Prod. Slom)",쇼미더머니 10 Episode 2,sokodomo,2022.01.03 ~ 2022.01.09,226928
3,리무진 (Feat. MINO) (Prod. GRAY),쇼미더머니 10 Episode 3,BE'O (비오),2022.01.03 ~ 2022.01.09,195548
4,겨울잠,조각집,아이유,2022.01.03 ~ 2022.01.09,131935
5,ELEVEN,ELEVEN,IVE (아이브),2022.01.03 ~ 2022.01.09,192133
6,취중고백,취중고백,김민석,2022.01.03 ~ 2022.01.09,183361
7,사랑은 늘 도망가,신사와 아가씨 OST Part.2,임영웅,2022.01.03 ~ 2022.01.09,212151
8,만남은 쉽고 이별은 어려워 (Feat. Leellamarz) (Prod. TOIL),쇼미더머니 10 Episode 3,베이식 (Basick),2022.01.03 ~ 2022.01.09,138449
9,눈이 오잖아(Feat.헤이즈),눈이 오잖아(Feat.헤이즈),이무진,2022.01.03 ~ 2022.01.09,135134
10,strawberry moon,strawberry moon,아이유,2022.01.03 ~ 2022.01.09,230893
11,다정히 내 이름을 부르면,다정히 내 이름을 부르면 (경서예지 x 전건호),"경서예지, 전건호",2022.01.03 ~ 2022.01.09,188351
12,Dreams Come True,Dreams Come True - SM STATION,aespa,2022.01.03 ~ 2022.01.09,109237
13,드라마,조각집,아이유,2022.01.03 ~ 2022.01.09,190540
14,불협화음 (Feat. AKMU) (Prod. GRAY),쇼미더머니 10 Semi Final,Mudd the student,2022.01.03 ~ 2022.01.09,84697
15,신호등,신호등,이무진,2022.01.03 ~ 2022.01.09,302784
16,Savage,Savage - The 1st Mini Album,aespa,2022.01.03 ~ 2022.01.09,162355
17,STAY,Stay,"The Kid LAROI, Justin Bieber",2022.01.03 ~ 2022.01.09,283122
18,Next Level,Next Level,aespa,2022.01.03 ~ 2022.01.09,264354
19,흰눈,흰눈,먼데이 키즈 (Monday Kiz),2022.01.03 ~ 2022.01.09,43983
20,쉬어 (Feat. MINO) (Prod. GRAY),쇼미더머니 10 Episode 1,"아넌딜라이트(Anandelight), unofficialboyy, BE'O (비오), 지구인, Mudd the student",2022.01.03 ~ 2022.01.09,108721
21,네가 없는 밤 (Feat. ASH ISLAND) (Prod. GRAY),쇼미더머니 10 Final,BE'O (비오),2022.01.03 ~ 2022.01.09,89461
22,너를 생각해,너를 생각해,주시크 (Joosiq),2022.01.03 ~ 2022.01.09,158597
23,Wake Up (Prod. 코드 쿤스트),쇼미더머니 10 Episode 1,"개코, 아우릴고트 (OUREALGOAT), SINCE, 안병웅, Tabber, 조광일, 코드 쿤스트 (CODE KUNST)",2022.01.03 ~ 2022.01.09,102902
24,OHAYO MY NIGHT,OHAYO MY NIGHT,"디핵 (D-Hack), PATEKO (파테코)",2022.01.03 ~ 2022.01.09,221460
25,정거장,조각집,아이유,2022.01.03 ~ 2022.01.09,58451
26,바라만 본다,MSG워너비 1집,MSG워너비(M.O.M),2022.01.03 ~ 2022.01.09,186121
27,문득,Bipolar,BE'O (비오),2022.01.03 ~ 2022.01.09,141799
28,낙하 (with 아이유),NEXT EPISODE,AKMU (악뮤),2022.01.03 ~ 2022.01.09,191285
29,Butter,Butter,방탄소년단,2022.01.03 ~ 2022.01.09,296561
30,Step Back,Step Back,GOT the beat,2022.01.03 ~ 2022.01.09,99664
31,Christmas Tree,그 해 우리는 OST Part.5,V,2022.01.03 ~ 2022.01.09,136332
32,Permission to Dance,Butter / Permission to Dance,방탄소년단,2022.01.03 ~ 2022.01.09,230589
33,러브레터,조각집,아이유,2022.01.03 ~ 2022.01.09,48569
34,Celebrity,IU 5th Album 'LILAC',아이유,2022.01.03 ~ 2022.01.09,340901
35,My Universe,My Universe,"Coldplay, 방탄소년단",2022.01.03 ~ 2022.01.09,179347
36,우리가 헤어져야 했던 이유,그 해 우리는 OST Part.2,비비 (BIBI),2022.01.03 ~ 2022.01.09,85420
37,Dynamite,Dynamite (DayTime Version),방탄소년단,2022.01.03 ~ 2022.01.09,462975
38,헤픈 우연,HAPPEN,헤이즈 (Heize),2022.01.03 ~ 2022.01.09,199467
39,Still I Love You,Still I Love You,토요태,2022.01.03 ~ 2022.01.09,32913
40,Weekend,Weekend,태연 (TAEYEON),2022.01.03 ~ 2022.01.09,199257
41,그게 더 편할 것 같아 (N번째 연애 X 멜로망스),그게 더 편할 것 같아 (N번째 연애 X 멜로망스),멜로망스,2022.01.03 ~ 2022.01.09,42420
42,너,조각집,아이유,2022.01.03 ~ 2022.01.09,42990
43,라일락,IU 5th Album 'LILAC',아이유,2022.01.03 ~ 2022.01.09,259885
44,밤하늘의 별을(2020),밤하늘의 별을(2020),경서,2022.01.03 ~ 2022.01.09,230550
45,Bad Habits,=,Ed Sheeran,2022.01.03 ~ 2022.01.09,137963
46,이제 나만 믿어요,내일은 미스터트롯 우승자 특전곡,임영웅,2022.01.03 ~ 2022.01.09,174401
47,고백,세 번째 '고백',멜로망스,2022.01.03 ~ 2022.01.09,110498
48,MBTI (Feat. 쿠기 & 로꼬) (Prod. GRAY),쇼미더머니 10 Semi Final,BE'O (비오),2022.01.03 ~ 2022.01.09,54904
49,"어떻게 이별까지 사랑하겠어, 널 사랑하는 거지",항해,AKMU (악뮤),2022.01.03 ~ 2022.01.09,436770
50,서랍,그 해 우리는 OST Part.1,10CM,2022.01.03 ~ 2022.01.09,97666
51,찰나가 영원이 될 때 (The Eternal Moment),Red Moon : Beyond The Light,마크툽 (MAKTUB),2022.01.03 ~ 2022.01.09,98148
52,"사이렌 Remix (Feat. UNEDUCATED KID, Paul Blanco)",사이렌 Remix,호미들,2022.01.03 ~ 2022.01.09,172371
53,안녕 우린 헤어져야만 해,안녕 우린 헤어져야만 해,"전상근, 신예영",2022.01.03 ~ 2022.01.09,33060
54,"모든 날, 모든 순간 (Every day, Every Moment)",'키스 먼저 할까요?' OST Part.3,폴킴,2022.01.03 ~ 2022.01.09,438825
55,매일 크리스마스 (Everyday Christmas),매일 크리스마스 (Everyday Christmas),다비치,2022.01.03 ~ 2022.01.09,31917
56,롤린 (Rollin'),Rollin',브레이브걸스,2022.01.03 ~ 2022.01.09,300627
57,이별후회,그 해 우리는 OST Part.4,김나영,2022.01.03 ~ 2022.01.09,46257
58,추억은 만남보다 이별에 남아,추억은 만남보다 이별에 남아,정동하,2022.01.03 ~ 2022.01.09,110021
59,내 손을 잡아,최고의 사랑 OST Part.4,아이유,2022.01.03 ~ 2022.01.09,216235
60,밝게 빛나는 별이 되어 비춰줄게,밝게 빛나는 별이 되어 비춰줄게,송이한,2022.01.03 ~ 2022.01.09,134501
61,시간을 거슬러 (낮에 뜨는 달 X 케이윌),시간을 거슬러 (낮에 뜨는 달 X 케이윌),케이윌,2022.01.03 ~ 2022.01.09,75849
62,Dun Dun Dance,Dear OHMYGIRL,오마이걸 (OH MY GIRL),2022.01.03 ~ 2022.01.09,168224
63,Snowman,Everyday Is Christmas (Snowman Deluxe Edition),Sia,2022.01.03 ~ 2022.01.09,265302
64,Blueming,Love poem,아이유,2022.01.03 ~ 2022.01.09,364376
65,오늘도 빛나는 너에게 (To You My Light) (Feat.이라온),Red Moon : To You My Light,마크툽 (MAKTUB),2022.01.03 ~ 2022.01.09,289393
66,Off My Face,Justice (The Complete Edition),Justin Bieber,2022.01.03 ~ 2022.01.09,190078
67,좋아좋아,슬기로운 의사생활 시즌2 OST Part 5,조정석,2022.01.03 ~ 2022.01.09,92561
68,비가 오는 날엔 (2021),비가 오는 날엔 (2021),헤이즈 (Heize),2022.01.03 ~ 2022.01.09,87301
69,그대라는 사치,사랑의 콜센타 PART62,임영웅,2022.01.03 ~ 2022.01.09,44579
70,죽을 만큼 아파서 (Feat. JAMIE (제이미)),20th Anniversary Edition ‘Dark Hole’,MC몽,2022.01.03 ~ 2022.01.09,15724
71,"호우주의 (Feat. 개코, 넉살 (Nucksal)) (Prod. 코드 쿤스트)",쇼미더머니 10 Semi Final,"조광일, 코드 쿤스트 (CODE KUNST)",2022.01.03 ~ 2022.01.09,42809
72,멜로디,멜로디,ASH ISLAND,2022.01.03 ~ 2022.01.09,152769
73,DUMB DUMB,DUMB DUMB,전소미,2022.01.03 ~ 2022.01.09,103237
74,Queendom,Queendom - The 6th Mini Album,Red Velvet (레드벨벳),2022.01.03 ~ 2022.01.09,123148
75,취기를 빌려 (취향저격 그녀 X 산들),취기를 빌려 (취향저격 그녀 X 산들),산들,2022.01.03 ~ 2022.01.09,243434
76,다시 사랑한다면 (김필 Ver.),사랑의 콜센타 PART56,임영웅,2022.01.03 ~ 2022.01.09,52436
77,너의 모든 순간,별에서 온 그대 OST Part.7,성시경,2022.01.03 ~ 2022.01.09,295794
78,그날에 나는 맘이 편했을까,그날에 나는 맘이 편했을까,이예준,2022.01.03 ~ 2022.01.09,96471
79,Santa Tell Me,Santa Tell Me,Ariana Grande,2022.01.03 ~ 2022.01.09,246456
80,탕!♡,"""TO INFINITY.""",MINO (송민호),2022.01.03 ~ 2022.01.09,46786
81,봄날,YOU NEVER WALK ALONE,방탄소년단,2022.01.03 ~ 2022.01.09,561624
82,"깐부 (Feat. 염따, ASH ISLAND) (Prod. TOIL)",쇼미더머니 10 Episode 3,KOONTA (쿤타),2022.01.03 ~ 2022.01.09,36804
83,비와 당신,슬기로운 의사생활 시즌2 OST Part 1,이무진,2022.01.03 ~ 2022.01.09,120612
84,작은 것들을 위한 시 (Boy With Luv) (Feat. Halsey),MAP OF THE SOUL : PERSONA,방탄소년단,2022.01.03 ~ 2022.01.09,445218
85,나 그댈위해 시 한편을 쓰겠어,옛이야기,케이시 (Kassy),2022.01.03 ~ 2022.01.09,50279
86,잊었니,사랑의 콜센타 PART60,임영웅,2022.01.03 ~ 2022.01.09,43197
87,ASAP,STAYDOM,STAYC(스테이씨),2022.01.03 ~ 2022.01.09,155562
88,All I Want for Christmas Is You,Merry Christmas (Deluxe Anniversary Edition),Mariah Carey,2022.01.03 ~ 2022.01.09,236578
89,Peaches (Feat. Daniel Caesar & Giveon),Justice (The Complete Edition),Justin Bieber,2022.01.03 ~ 2022.01.09,225498
90,Savage Love (Laxed - Siren Beat) (BTS Remix),Savage Love (Laxed - Siren Beat) [BTS Remix],"Jawsh 685, Jason Derulo, 방탄소년단",2022.01.03 ~ 2022.01.09,208049
91,밤새 서로 미루다,밤새 서로 미루다,"존박, 전미도",2022.01.03 ~ 2022.01.09,23084
92,너와 나의 Memories,쇼미더머니 10 Episode 1,"염따, TOIL, KOONTA (쿤타), 베이식 (Basick), 365LIT, 황지상 (HWANG JI SANG), 송민영",2022.01.03 ~ 2022.01.09,43011
93,별빛 같은 나의 사랑아,별빛 같은 나의 사랑아,임영웅,2022.01.03 ~ 2022.01.09,78389
94,HERO,HERO,임영웅,2022.01.03 ~ 2022.01.09,77053
95,Life Goes On,BE,방탄소년단,2022.01.03 ~ 2022.01.09,245672
96,끝사랑,사랑의 콜센타 PART61,임영웅,2022.01.03 ~ 2022.01.09,40397
97,미리 메리 크리스마스 (Feat. 천둥 Of MBLAQ),Real,아이유,2022.01.03 ~ 2022.01.09,180206
98,에잇(Prod.&Feat. SUGA of BTS),에잇,아이유,2022.01.03 ~ 2022.01.09,399732
99,그대 손 놓아요,옷소매 붉은 끝동 OST Part.8,이선희,2022.01.03 ~ 2022.01.09,16876
100,Bk Love,뽕숭아학당 PART23,임영웅,2022.01.03 ~ 2022.01.09,38450
1,VVS (Feat. JUSTHIS) (Prod. GroovyRoom),쇼미더머니 9 Episode 1,"미란이 (MIRANI), 먼치맨(MUNCHMAN), Khundi Panda, 머쉬베놈 (MUSHVENOM)",2021.01.04 ~ 2021.01.10,213332
2,밤하늘의 별을(2020),밤하늘의 별을(2020),경서,2021.01.04 ~ 2021.01.10,230550
3,Dynamite,Dynamite (DayTime Version),방탄소년단,2021.01.04 ~ 2021.01.10,462975
4,잠이 오질 않네요,잠이 오질 않네요,장범준,2021.01.04 ~ 2021.01.10,169520
5,"내일이 오면 (Feat. 기리보이, BIG Naughty (서동현))",쇼미더머니 9 Episode 3,릴보이 (lIlBOI),2021.01.04 ~ 2021.01.10,139380
6,힘든 건 사랑이 아니다,힘든 건 사랑이 아니다,임창정,2021.01.04 ~ 2021.01.10,116096
7,Lovesick Girls,THE ALBUM,BLACKPINK,2021.01.04 ~ 2021.01.10,237668
8,취기를 빌려 (취향저격 그녀 X 산들),취기를 빌려 (취향저격 그녀 X 산들),산들,2021.01.04 ~ 2021.01.10,243434
9,Life Goes On,BE,방탄소년단,2021.01.04 ~ 2021.01.10,245672
10,오래된 노래,오래된 노래,스탠딩 에그,2021.01.04 ~ 2021.01.10,271999
11,"CREDIT (Feat. 염따, 기리보이, Zion.T)",쇼미더머니 9 Final,릴보이 (lIlBOI),2021.01.04 ~ 2021.01.10,88780
12,Savage Love (Laxed - Siren Beat) (BTS Remix),Savage Love (Laxed - Siren Beat) [BTS Remix],"Jawsh 685, Jason Derulo, 방탄소년단",2021.01.04 ~ 2021.01.10,208049
13,내 마음이 움찔했던 순간 (취향저격 그녀 X 규현),내 마음이 움찔했던 순간 (취향저격 그녀 X 규현),규현 (KYUHYUN),2021.01.04 ~ 2021.01.10,124785
14,나랑 같이 걸을래 (바른연애 길잡이 X 적재),나랑 같이 걸을래 (바른연애 길잡이 X 적재),적재,2021.01.04 ~ 2021.01.10,152341
15,"Achoo (Feat. pH-1, HAON) (Prod. GroovyRoom)",쇼미더머니 9 Episode 3,미란이 (MIRANI),2021.01.04 ~ 2021.01.10,69376
16,"어떻게 이별까지 사랑하겠어, 널 사랑하는 거지",항해,AKMU (악뮤),2021.01.04 ~ 2021.01.10,436770
17,에잇(Prod.&Feat. SUGA of BTS),에잇,아이유,2021.01.04 ~ 2021.01.10,399732
18,"ON AIR (Feat. 로꼬, 박재범 & GRAY)",쇼미더머니 9 Final,릴보이 (lIlBOI),2021.01.04 ~ 2021.01.10,55934
19,혼술하고 싶은 밤,혼술하고 싶은 밤,벤,2021.01.04 ~ 2021.01.10,55213
20,When We Disco (Duet with 선미),When We Disco,박진영,2021.01.04 ~ 2021.01.10,83619
21,Freak (Prod. Slom),쇼미더머니 9 Episode 1,"릴보이 (lIlBOI), 원슈타인, Chillin Homie, 스카이민혁 (Skyminhyuk)",2021.01.04 ~ 2021.01.10,79148
22,늦은 밤 너의 집 앞 골목길에서,늦은 밤 너의 집 앞 골목길에서,노을,2021.01.04 ~ 2021.01.10,217357
23,흔들리는 꽃들 속에서 네 샴푸향이 느껴진거야,멜로가 체질 OST Part 3,장범준,2021.01.04 ~ 2021.01.10,319136
24,어떻게 지내 (Prod. By VAN.C),어떻게 지내,오반,2021.01.04 ~ 2021.01.10,211152
25,뿌리 (Feat. JUSTHIS) (Prod. GroovyRoom),쇼미더머니 9 Episode 3,Khundi Panda,2021.01.04 ~ 2021.01.10,68637
26,How You Like That,How You Like That,BLACKPINK,2021.01.04 ~ 2021.01.10,205096
27,"모든 날, 모든 순간 (Every day, Every Moment)",'키스 먼저 할까요?' OST Part.3,폴킴,2021.01.04 ~ 2021.01.10,438825
28,딩가딩가 (Dingga),딩가딩가 (Dingga),마마무 (Mamamoo),2021.01.04 ~ 2021.01.10,70787
29,아로하,슬기로운 의사생활 OST Part 3,조정석,2021.01.04 ~ 2021.01.10,254037
30,METEOR,Boyhood,창모 (CHANGMO),2021.01.04 ~ 2021.01.10,307036
31,Blueming,Love poem,아이유,2021.01.04 ~ 2021.01.10,364376
32,서면역에서,서면역에서,순순희,2021.01.04 ~ 2021.01.10,64683
33,Dolphin,NONSTOP,오마이걸 (OH MY GIRL),2021.01.04 ~ 2021.01.10,206207
34,사실 나는 (Feat.전건호),사실 나는,경서예지,2021.01.04 ~ 2021.01.10,102670
35,DON'T TOUCH ME,DON'T TOUCH ME,환불원정대,2021.01.04 ~ 2021.01.10,155667
36,악역 (Feat. 이하이 & 사이먼 도미닉) (Prod. 코드 쿤스트),쇼미더머니 9 Semi Final,"스윙스, 코드 쿤스트 (CODE KUNST)",2021.01.04 ~ 2021.01.10,42961
37,마음을 드려요,사랑의 불시착 OST Part 11,아이유,2021.01.04 ~ 2021.01.10,257351
38,오늘도 빛나는 너에게 (To You My Light) (Feat.이라온),Red Moon : To You My Light,마크툽 (MAKTUB),2021.01.04 ~ 2021.01.10,289393
39,작은 것들을 위한 시 (Boy With Luv) (Feat. Halsey),MAP OF THE SOUL : PERSONA,방탄소년단,2021.01.04 ~ 2021.01.10,445218
40,I CAN’T STOP ME,Eyes wide open,TWICE (트와이스),2021.01.04 ~ 2021.01.10,72743
41,거짓말이라도 해서 널 보고싶어,거짓말이라도 해서 널 보고싶어,백지영,2021.01.04 ~ 2021.01.10,87220
42,그날에 나는 맘이 편했을까,그날에 나는 맘이 편했을까,이예준,2021.01.04 ~ 2021.01.10,96471
43,Memories,JORDI (Deluxe),Maroon 5,2021.01.04 ~ 2021.01.10,217777
44,마리아 (Maria),María,화사 (HWASA),2021.01.04 ~ 2021.01.10,163624
45,뻔한남자,뻔한남자,이승기,2021.01.04 ~ 2021.01.10,43558
46,시작,이태원 클라쓰 OST Part.2,가호 (Gaho),2021.01.04 ~ 2021.01.10,259441
47,우리 왜 헤어져야 해,우리 왜 헤어져야 해,신예영,2021.01.04 ~ 2021.01.10,144658
48,사랑은 지날수록 더욱 선명하게 남아,한 걸음 : 흔적,전상근,2021.01.04 ~ 2021.01.10,78454
49,홀로,홀로,이하이,2021.01.04 ~ 2021.01.10,156093
50,고독하구만 (Feat. 수퍼비) (Prod. GroovyRoom),쇼미더머니 9 Semi Final,머쉬베놈 (MUSHVENOM),2021.01.04 ~ 2021.01.10,37791
51,봄날,YOU NEVER WALK ALONE,방탄소년단,2021.01.04 ~ 2021.01.10,561624
52,Snowman,Everyday Is Christmas (Snowman Deluxe Edition),Sia,2021.01.04 ~ 2021.01.10,265302
53,눈누난나 (NUNU NANA),NUNA,제시 (Jessi),2021.01.04 ~ 2021.01.10,107095
54,한잔이면 지워질까,한잔이면 지워질까,황인욱,2021.01.04 ~ 2021.01.10,28570
55,가을밤에 든 생각,잔나비 소곡집 l,잔나비,2021.01.04 ~ 2021.01.10,144252
56,살짝 설렜어 (Nonstop),NONSTOP,오마이걸 (OH MY GIRL),2021.01.04 ~ 2021.01.10,195826
57,2002,Speak Your Mind (Deluxe),Anne-Marie,2021.01.04 ~ 2021.01.10,415306
58,Dance Monkey,The Kids Are Coming,Tones And I,2021.01.04 ~ 2021.01.10,184864
59,Downtown Baby,Downtown Baby,블루 (BLOO),2021.01.04 ~ 2021.01.10,207156
60,What Do I Call You,What Do I Call You - The 4th Mini Album,태연 (TAEYEON),2021.01.04 ~ 2021.01.10,103496
61,All I Want for Christmas Is You,Merry Christmas (Deluxe Anniversary Edition),Mariah Carey,2021.01.04 ~ 2021.01.10,236578
62,"사랑 못해, 남들 쉽게 다 하는 거","사랑 못해, 남들 쉽게 다 하는 거",먼데이 키즈 (Monday Kiz),2021.01.04 ~ 2021.01.10,42012
63,Santa Tell Me,Santa Tell Me,Ariana Grande,2021.01.04 ~ 2021.01.10,246456
64,안녕,호텔 델루나 OST Part.10,폴킴,2021.01.04 ~ 2021.01.10,222272
65,소확행,힘든 건 사랑이 아니다,임창정,2021.01.04 ~ 2021.01.10,57191
66,너를 만나,너를 만나,폴킴,2021.01.04 ~ 2021.01.10,328614
67,Panorama,One-reeler / Act IV,IZ*ONE (아이즈원),2021.01.04 ~ 2021.01.10,105596
68,나로 바꾸자 (duet with JYP),나로 바꾸자 (duet with JYP),비,2021.01.04 ~ 2021.01.10,27856
69,"여백의 미 (Feat. Jessi, JUSTHIS) (Prod. GroovyRoom)",쇼미더머니 9 Final,머쉬베놈 (MUSHVENOM),2021.01.04 ~ 2021.01.10,37485
70,처음처럼,CEREMONIA,엠씨더맥스 (M.C the MAX),2021.01.04 ~ 2021.01.10,117953
71,잘할게,The Project,이승기,2021.01.04 ~ 2021.01.10,31728
72,행복해,Happy,송하예,2021.01.04 ~ 2021.01.10,38060
73,너의 번호를 누르고 (Prod. 영화처럼),너의 번호를 누르고,#안녕,2021.01.04 ~ 2021.01.10,142415
74,Love poem,Love poem,아이유,2021.01.04 ~ 2021.01.10,353248
75,이제 나만 믿어요,내일은 미스터트롯 우승자 특전곡,임영웅,2021.01.04 ~ 2021.01.10,174401
76,사랑하게 될 줄 알았어,슬기로운 의사생활 OST Part 11,전미도,2021.01.04 ~ 2021.01.10,159351
77,미리 메리 크리스마스 (Feat. 천둥 Of MBLAQ),Real,아이유,2021.01.04 ~ 2021.01.10,180206
78,우린 어쩌다 헤어진 걸까,Hello,허각,2021.01.04 ~ 2021.01.10,52502
79,Don't Start Now,Future Nostalgia,Dua Lipa,2021.01.04 ~ 2021.01.10,168188
80,별을 담은 시 (Ode To The Stars),Red Moon : Ode To The Stars,"마크툽 (MAKTUB), 이라온",2021.01.04 ~ 2021.01.10,62635
81,너도 아는,너도 아는,폴킴,2021.01.04 ~ 2021.01.10,58873
82,아무노래,아무노래,지코 (ZICO),2021.01.04 ~ 2021.01.10,281569
83,Bad Boy,Bad Boy,"청하, Christopher",2021.01.04 ~ 2021.01.10,92179
84,다시 여기 바닷가,다시 여기 바닷가,"싹쓰리 (유두래곤, 린다G, 비룡)",2021.01.04 ~ 2021.01.10,243038
85,12:45 (Stripped),12:45 (Stripped),Etham,2021.01.04 ~ 2021.01.10,202604
86,적외선 카메라,쇼미더머니 9 Episode 3,원슈타인,2021.01.04 ~ 2021.01.10,66679
87,"가다 (Feat. 사이먼 도미닉, The Quiett) (Prod. SLO)",쇼미더머니 9 Final,머쉬베놈 (MUSHVENOM),2021.01.04 ~ 2021.01.10,23662
88,Paris in the Rain,I met you when I was 18. (the playlist),Lauv,2021.01.04 ~ 2021.01.10,312863
89,Maniac,Maniac,Conan Gray,2021.01.04 ~ 2021.01.10,172212
90,Black Mamba,Black Mamba,aespa,2021.01.04 ~ 2021.01.10,110246
91,원해 (Feat. 팔로알토) (Prod. 코드 쿤스트),쇼미더머니 9 Episode 1,"스윙스, 맥대디 (Mckdaddy), Khakii (카키), 래원 (Layone), 코드 쿤스트 (CODE KUNST)",2021.01.04 ~ 2021.01.10,37526
92,ON,MAP OF THE SOUL : 7,방탄소년단,2021.01.04 ~ 2021.01.10,262009
93,놓아줘 (with 태연),with HER,Crush,2021.01.04 ~ 2021.01.10,64661
94,For You (Feat. Crush),For You,이하이,2021.01.04 ~ 2021.01.10,62831
95,12월의 어느 겨울…,12월의 어느 겨울…,윤도 (YoonDo),2021.01.04 ~ 2021.01.10,27375
96,Blue & Grey,BE,방탄소년단,2021.01.04 ~ 2021.01.10,124663
97,요즘,요즘,양다일,2021.01.04 ~ 2021.01.10,28317
98,내 방을 여행하는 법,BE,방탄소년단,2021.01.04 ~ 2021.01.10,115261
99,크리스마스니까,Jelly Christmas 2012 HEART PROJECT,"성시경, 박효신, 이석훈, 서인국, VIXX (빅스)",2021.01.04 ~ 2021.01.10,171262
100,부어라 비워라 (Tricker) (Prod. GroovyRoom),쇼미더머니 9 Episode 3,머쉬베놈 (MUSHVENOM),2021.01.04 ~ 2021.01.10,27015
1,METEOR,Boyhood,창모 (CHANGMO),2019.12.30 ~ 2020.01.05,307036
2,Psycho,‘The ReVe Festival’ Finale,Red Velvet (레드벨벳),2019.12.30 ~ 2020.01.05,245926
3,"아마두 (feat.우원재, 김효은, 넉살, Huckleberry P)",Dingo X DAMOIM (Part 2),"염따, 딥플로우, 팔로알토 (Paloalto), The Quiett, 사이먼 도미닉",2019.12.30 ~ 2020.01.05,168200
4,Blueming,Love poem,아이유,2019.12.30 ~ 2020.01.05,364376
5,늦은 밤 너의 집 앞 골목길에서,늦은 밤 너의 집 앞 골목길에서,노을,2019.12.30 ~ 2020.01.05,217357
6,Square (2017),Every letter I sent you.,백예린 (Yerin Baek),2019.12.30 ~ 2020.01.05,299785
7,"다시는 사랑하지 않고, 이별에 아파하기 싫어","다시는 사랑하지 않고, 이별에 아파하기 싫어",백지영,2019.12.30 ~ 2020.01.05,77330
8,HIP,reality in BLACK,마마무 (Mamamoo),2019.12.30 ~ 2020.01.05,141383
9,Love poem,Love poem,아이유,2019.12.30 ~ 2020.01.05,353248
10,"어떻게 이별까지 사랑하겠어, 널 사랑하는 거지",항해,AKMU (악뮤),2019.12.30 ~ 2020.01.05,436770
11,나의 오랜 연인에게,나의 오랜 연인에게,다비치,2019.12.30 ~ 2020.01.05,92602
12,"Into the Unknown (From ""Frozen 2""/Soundtrack Version)",Frozen 2 (Original Motion Picture Soundtrack/Deluxe Edition),"Idina Menzel, AURORA",2019.12.30 ~ 2020.01.05,171635
13,흔들리는 꽃들 속에서 네 샴푸향이 느껴진거야,멜로가 체질 OST Part 3,장범준,2019.12.30 ~ 2020.01.05,319136
14,헤어진 우리가 지켜야 할 것들,헤어진 우리가 지켜야 할 것들,"김나영, 양다일",2019.12.30 ~ 2020.01.05,82258
15,조금 취했어 (Prod. 2soo),조금 취했어,임재현,2019.12.30 ~ 2020.01.05,133861
16,오늘도 빛나는 너에게 (To You My Light) (Feat.이라온),Red Moon : To You My Light,마크툽 (MAKTUB),2019.12.30 ~ 2020.01.05,289393
17,십이월 이십오일의 고백,십이월 이십오일의 고백,정승환,2019.12.30 ~ 2020.01.05,78341
18,사랑이란 멜로는 없어,사랑이란 멜로는 없어,전상근,2019.12.30 ~ 2020.01.05,143181
19,안녕,호텔 델루나 OST Part.10,폴킴,2019.12.30 ~ 2020.01.05,222272
20,이 번호로 전화해줘,이 번호로 전화해줘,바이브,2019.12.30 ~ 2020.01.05,69819
21,새 사랑,새 사랑,송하예,2019.12.30 ~ 2020.01.05,102253
22,빌었어,Boyhood,창모 (CHANGMO),2019.12.30 ~ 2020.01.05,153847
23,"인기 (Feat. 송가인, 챈슬러)",CHANNEL 8,MC몽,2019.12.30 ~ 2020.01.05,83579
24,있어줘요,있어줘요,장덕철,2019.12.30 ~ 2020.01.05,90429
25,첫 겨울이니까,첫 겨울이니까,"성시경, 아이유",2019.12.30 ~ 2020.01.05,61027
26,2002,Speak Your Mind (Deluxe),Anne-Marie,2019.12.30 ~ 2020.01.05,415306
27,작은 것들을 위한 시 (Boy With Luv) (Feat. Halsey),MAP OF THE SOUL : PERSONA,방탄소년단,2019.12.30 ~ 2020.01.05,445218
28,시든 꽃에 물을 주듯,시든 꽃에 물을 주듯,HYNN (박혜원),2019.12.30 ~ 2020.01.05,225923
29,포장마차,포장마차,황인욱,2019.12.30 ~ 2020.01.05,166096
30,니 소식,니 소식,송하예,2019.12.30 ~ 2020.01.05,208882
31,이별주,이별주,황인욱,2019.12.30 ~ 2020.01.05,65203
32,"모든 날, 모든 순간 (Every day, Every Moment)",'키스 먼저 할까요?' OST Part.3,폴킴,2019.12.30 ~ 2020.01.05,438825
33,다시 만날까 봐,다시 만날까 봐,V.O.S,2019.12.30 ~ 2020.01.05,100111
34,"Show Yourself (From ""Frozen 2""/Soundtrack Version)",Frozen 2 (Original Motion Picture Soundtrack/Deluxe Edition),"Idina Menzel, Evan Rachel Wood",2019.12.30 ~ 2020.01.05,103225
35,BAND,BAND,"창모 (CHANGMO), Hash Swan, ASH ISLAND, 김효은",2019.12.30 ~ 2020.01.05,142194
36,Obsession,OBSESSION - The 6th Album,EXO,2019.12.30 ~ 2020.01.05,126034
37,시간의 바깥,Love poem,아이유,2019.12.30 ~ 2020.01.05,153053
38,불티 (Spark),Purpose - The 2nd Album,태연 (TAEYEON),2019.12.30 ~ 2020.01.05,124360
39,사랑에 연습이 있었다면 (Prod. 2soo),사랑에 연습이 있었다면,임재현,2019.12.30 ~ 2020.01.05,235512
40,기억해줘요 내 모든 날과 그때를,호텔 델루나 OST Part.7,거미,2019.12.30 ~ 2020.01.05,176867
41,사랑이 식었다고 말해도 돼,사랑이 식었다고 말해도 돼,먼데이 키즈 (Monday Kiz),2019.12.30 ~ 2020.01.05,132361
42,bad guy,"WHEN WE ALL FALL ASLEEP, WHERE DO WE GO?",Billie Eilish,2019.12.30 ~ 2020.01.05,269255
43,차가워진 이 바람엔 우리가 써있어 (Bad Love),차가워진 이 바람엔 우리가 써있어(Bad Love),HYNN (박혜원),2019.12.30 ~ 2020.01.05,83353
44,워커홀릭,Two Five,볼빨간사춘기,2019.12.30 ~ 2020.01.05,152787
45,Santa Tell Me,Santa Tell Me,Ariana Grande,2019.12.30 ~ 2020.01.05,246456
46,너를 만나,너를 만나,폴킴,2019.12.30 ~ 2020.01.05,328614
47,Señorita,Señorita,"Shawn Mendes, Camila Cabello",2019.12.30 ~ 2020.01.05,168279
48,술이 문제야,술이 문제야,"장혜진, 윤민수(바이브)",2019.12.30 ~ 2020.01.05,159131
49,그대라는 시,호텔 델루나 OST Part.3,태연 (TAEYEON),2019.12.30 ~ 2020.01.05,243646
50,숨겨진 세상 (Into the Unknown End Credit Version),겨울왕국 2 (한국어 버전),태연 (TAEYEON),2019.12.30 ~ 2020.01.05,82418
51,가을밤 떠난 너,Rewind,케이시 (Kassy),2019.12.30 ~ 2020.01.05,145390
52,Snowman,Everyday Is Christmas (Snowman Deluxe Edition),Sia,2019.12.30 ~ 2020.01.05,265302
53,잘 살고 있다,잘 살고 있다,V.O.S,2019.12.30 ~ 2020.01.05,40694
54,Feel Special,Feel Special,TWICE (트와이스),2019.12.30 ~ 2020.01.05,120554
55,허전해,"정규 2집 '마음, 하나'",폴킴,2019.12.30 ~ 2020.01.05,84010
56,꿈속에 너 (Feat. 전상근),두 번째 이야기,에이치코드 (H:CODE),2019.12.30 ~ 2020.01.05,119139
57,All I Want for Christmas Is You,Merry Christmas (Deluxe Anniversary Edition),Mariah Carey,2019.12.30 ~ 2020.01.05,236578
58,사계 (Four Seasons),사계 (Four Seasons),태연 (TAEYEON),2019.12.30 ~ 2020.01.05,273699
59,Paris in the Rain,I met you when I was 18. (the playlist),Lauv,2019.12.30 ~ 2020.01.05,312863
60,Flower,사랑의 불시착 OST Part 2,윤미래,2019.12.30 ~ 2020.01.05,59638
61,중2병,Dingo X DAMOIM (Part 3),"염따, 딥플로우, 팔로알토 (Paloalto), The Quiett, 사이먼 도미닉",2019.12.30 ~ 2020.01.05,32258
62,헤어지자 (Prod. 정키),soar,휘인 (Whee In),2019.12.30 ~ 2020.01.05,123394
63,마음이 말하는 행복 (Happiness) (Feat.이라온),Red Moon : Happiness,마크툽 (MAKTUB),2019.12.30 ~ 2020.01.05,75576
64,"Speechless (Full) (From ""Aladdin""/Soundtrack Version)",Aladdin (Original Motion Picture Soundtrack),Naomi Scott,2019.12.30 ~ 2020.01.05,243301
65,unlucky,Love poem,아이유,2019.12.30 ~ 2020.01.05,131026
66,LION,퀸덤 <FINAL 컴백 싱글>,(여자)아이들,2019.12.30 ~ 2020.01.05,116946
67,너에게 못했던 내 마지막 말은,너에게 못했던 내 마지막 말은,다비치,2019.12.30 ~ 2020.01.05,177058
68,샤넬 (Feat. 박봄),CHANNEL 8,MC몽,2019.12.30 ~ 2020.01.05,46359
69,주저하는 연인들을 위해,전설,잔나비,2019.12.30 ~ 2020.01.05,416713
70,Amanda (Feat. Simon Dominic) (Prod. By UNTITLEDS),Amanda,염따,2019.12.30 ~ 2020.01.05,46687
71,노을,사랑의 불시착 OST Part 3,다비치,2019.12.30 ~ 2020.01.05,42408
72,봄날,YOU NEVER WALK ALONE,방탄소년단,2019.12.30 ~ 2020.01.05,561624
73,영화 속에 나오는 주인공처럼,동백꽃 필 무렵 (KBS2 수목드라마) OST - Part.6,펀치 (Punch),2019.12.30 ~ 2020.01.05,73451
74,나의 어깨에 기대어요,호텔 델루나 OST Part.2,10CM,2019.12.30 ~ 2020.01.05,121054
75,벗,벗,닐로(Nilo),2019.12.30 ~ 2020.01.05,77328
76,헤어져줘서 고마워,헤어져줘서 고마워,벤,2019.12.30 ~ 2020.01.05,138916
77,미리 메리 크리스마스 (Feat. 천둥 Of MBLAQ),Real,아이유,2019.12.30 ~ 2020.01.05,180206
78,날 보러 와요 (Come See Me),NEW MOON,AOA,2019.12.30 ~ 2020.01.05,48954
79,우리 어떻게 할까요,사랑하는 그대에게 - The 2nd Mini Album,첸 (CHEN),2019.12.30 ~ 2020.01.05,98406
80,우리 왜 헤어져야 해,우리 왜 헤어져야 해,신예영,2019.12.30 ~ 2020.01.05,144658
81,이별행동,이별행동,이우,2019.12.30 ~ 2020.01.05,69368
82,크리스마스니까,Jelly Christmas 2012 HEART PROJECT,"성시경, 박효신, 이석훈, 서인국, VIXX (빅스)",2019.12.30 ~ 2020.01.05,171262
83,IDOL,LOVE YOURSELF 結 'Answer',방탄소년단,2019.12.30 ~ 2020.01.05,320253
84,솔직하게 말해서 나,솔직하게 말해서 나,김나영,2019.12.30 ~ 2020.01.05,164839
85,그 사람,Love poem,아이유,2019.12.30 ~ 2020.01.05,98142
86,텅 (Feat.김하온 (HAON)),텅 (Feat.김하온 (HAON)),빈첸,2019.12.30 ~ 2020.01.05,35400
87,Popo (How deep is our love?),Every letter I sent you.,백예린 (Yerin Baek),2019.12.30 ~ 2020.01.05,61727
88,그때가 좋았어,그때가 좋았어,케이시 (Kassy),2019.12.30 ~ 2020.01.05,255484
89,소우주 (Mikrokosmos),MAP OF THE SOUL : PERSONA,방탄소년단,2019.12.30 ~ 2020.01.05,273960
90,Trouble,OBSESSION - The 6th Album,EXO,2019.12.30 ~ 2020.01.05,56511
91,그때의 우리,그때의 우리,펀치 (Punch),2019.12.30 ~ 2020.01.05,23367
92,0310,Every letter I sent you.,백예린 (Yerin Baek),2019.12.30 ~ 2020.01.05,127709
93,나비효과 (Butterfly Effect),OBSESSION - The 6th Album,EXO,2019.12.30 ~ 2020.01.05,59546
94,춤 (Groove),OBSESSION - The 6th Album,EXO,2019.12.30 ~ 2020.01.05,54754
95,"FEVER (Feat. 수퍼비, BIBI)",FEVER,박진영,2019.12.30 ~ 2020.01.05,26021
96,나를 기다렸나요,나를 기다렸나요,한동근,2019.12.30 ~ 2020.01.05,6841
97,지킬 (Jekyll),OBSESSION - The 6th Album,EXO,2019.12.30 ~ 2020.01.05,51328
98,떨어지는 낙엽까지도,만추,헤이즈 (Heize),2019.12.30 ~ 2020.01.05,56164
99,노래방에서,장범준 3집,장범준,2019.12.30 ~ 2020.01.05,212719
100,Ya Ya Ya,OBSESSION - The 6th Album,EXO,2019.12.30 ~ 2020.01.05,49441
