rank,title,singer,album,date,like,year,month,day,week,season
43,미리 메리 크리스마스 (Feat. 천둥 Of MBLAQ),아이유,Real,2010.12.05,180205,2010,12,5,2,1
7,미리 메리 크리스마스 (Feat. 천둥 Of MBLAQ),아이유,Real,2010.12.12,180205,2010,12,12,3,1
8,미리 메리 크리스마스 (Feat. 천둥 Of MBLAQ),아이유,Real,2010.12.19,180205,2010,12,19,4,1
15,미리 메리 크리스마스 (Feat. 천둥 Of MBLAQ),아이유,Real,2010.12.26,180205,2010,12,26,5,1
23,미리 메리 크리스마스 (Feat. 천둥 Of MBLAQ),아이유,Real,2011.01.02,180205,2010,1,2,1,1
37,미리 메리 크리스마스 (Feat. 천둥 Of MBLAQ),아이유,Real,2011.01.09,180205,2010,1,9,2,1
55,미리 메리 크리스마스 (Feat. 천둥 Of MBLAQ),아이유,Real,2011.01.16,180205,2010,1,16,3,1
68,미리 메리 크리스마스 (Feat. 천둥 Of MBLAQ),아이유,Real,2011.01.23,180205,2010,1,23,4,1
82,미리 메리 크리스마스 (Feat. 천둥 Of MBLAQ),아이유,Real,2011.01.30,180205,2010,1,30,1,1
76,미리 메리 크리스마스 (Feat. 천둥 Of MBLAQ),아이유,Real,2011.12.25,180205,2011,12,25,5,1
60,여수 밤바다,버스커 버스커,버스커 버스커 1집,2012.03.25,158070,2012,3,25,5,0
16,벚꽃 엔딩,버스커 버스커,버스커 버스커 1집,2012.03.25,345231,2012,3,25,5,0
69,꽃송이가,버스커 버스커,버스커 버스커 1집,2012.03.25,102899,2012,3,25,5,0
13,꽃송이가,버스커 버스커,버스커 버스커 1집,2012.04.01,102899,2012,4,1,1,0
1,벚꽃 엔딩,버스커 버스커,버스커 버스커 1집,2012.04.01,345231,2012,4,1,1,0
6,여수 밤바다,버스커 버스커,버스커 버스커 1집,2012.04.01,158070,2012,4,1,1,0
3,여수 밤바다,버스커 버스커,버스커 버스커 1집,2012.04.08,158070,2012,4,8,2,0
10,꽃송이가,버스커 버스커,버스커 버스커 1집,2012.04.08,102899,2012,4,8,2,0
1,벚꽃 엔딩,버스커 버스커,버스커 버스커 1집,2012.04.08,345231,2012,4,8,2,0
8,꽃송이가,버스커 버스커,버스커 버스커 1집,2012.04.15,102899,2012,4,15,3,0
5,여수 밤바다,버스커 버스커,버스커 버스커 1집,2012.04.15,158070,2012,4,15,3,0
2,벚꽃 엔딩,버스커 버스커,버스커 버스커 1집,2012.04.15,345231,2012,4,15,3,0
2,벚꽃 엔딩,버스커 버스커,버스커 버스커 1집,2012.04.22,345231,2012,4,22,4,0
10,꽃송이가,버스커 버스커,버스커 버스커 1집,2012.04.22,102899,2012,4,22,4,0
7,여수 밤바다,버스커 버스커,버스커 버스커 1집,2012.04.22,158070,2012,4,22,4,0
3,벚꽃 엔딩,버스커 버스커,버스커 버스커 1집,2012.04.29,345231,2012,4,29,1,0
13,꽃송이가,버스커 버스커,버스커 버스커 1집,2012.04.29,102899,2012,4,29,1,0
11,여수 밤바다,버스커 버스커,버스커 버스커 1집,2012.04.29,158070,2012,4,29,1,0
16,꽃송이가,버스커 버스커,버스커 버스커 1집,2012.05.06,102899,2012,5,6,2,0
5,벚꽃 엔딩,버스커 버스커,버스커 버스커 1집,2012.05.06,345231,2012,5,6,2,0
12,여수 밤바다,버스커 버스커,버스커 버스커 1집,2012.05.06,158070,2012,5,6,2,0
7,벚꽃 엔딩,버스커 버스커,버스커 버스커 1집,2012.05.13,345231,2012,5,13,3,0
15,여수 밤바다,버스커 버스커,버스커 버스커 1집,2012.05.13,158070,2012,5,13,3,0
19,꽃송이가,버스커 버스커,버스커 버스커 1집,2012.05.13,102899,2012,5,13,3,0
11,벚꽃 엔딩,버스커 버스커,버스커 버스커 1집,2012.05.20,345231,2012,5,20,4,0
22,여수 밤바다,버스커 버스커,버스커 버스커 1집,2012.05.20,158070,2012,5,20,4,0
26,꽃송이가,버스커 버스커,버스커 버스커 1집,2012.05.20,102899,2012,5,20,4,0
12,벚꽃 엔딩,버스커 버스커,버스커 버스커 1집,2012.05.27,345231,2012,5,27,5,0
25,여수 밤바다,버스커 버스커,버스커 버스커 1집,2012.05.27,158070,2012,5,27,5,0
29,꽃송이가,버스커 버스커,버스커 버스커 1집,2012.05.27,102899,2012,5,27,5,0
94,All I Want for Christmas Is You,Mariah Carey,Merry Christmas (Deluxe Anniversary Edition),2012.12.03,236566,2012,12,3,1,1
10,크리스마스니까,"성시경, 박효신, 이석훈, 서인국, VIXX (빅스)",Jelly Christmas 2012 HEART PROJECT,2012.12.03,171261,2012,12,3,1,1
48,All I Want for Christmas Is You,Mariah Carey,Merry Christmas (Deluxe Anniversary Edition),2012.12.10,236566,2012,12,10,2,1
2,크리스마스니까,"성시경, 박효신, 이석훈, 서인국, VIXX (빅스)",Jelly Christmas 2012 HEART PROJECT,2012.12.10,171261,2012,12,10,2,1
35,All I Want for Christmas Is You,Mariah Carey,Merry Christmas (Deluxe Anniversary Edition),2012.12.17,236566,2012,12,17,3,1
3,크리스마스니까,"성시경, 박효신, 이석훈, 서인국, VIXX (빅스)",Jelly Christmas 2012 HEART PROJECT,2012.12.17,171261,2012,12,17,3,1
5,크리스마스니까,"성시경, 박효신, 이석훈, 서인국, VIXX (빅스)",Jelly Christmas 2012 HEART PROJECT,2012.12.24,171261,2012,12,24,4,1
97,미리 메리 크리스마스 (Feat. 천둥 Of MBLAQ),아이유,Real,2012.12.24,180205,2012,12,24,4,1
30,All I Want for Christmas Is You,Mariah Carey,Merry Christmas (Deluxe Anniversary Edition),2012.12.24,236566,2012,12,24,4,1
12,크리스마스니까,"성시경, 박효신, 이석훈, 서인국, VIXX (빅스)",Jelly Christmas 2012 HEART PROJECT,2012.12.31,171261,2012,12,31,1,1
22,크리스마스니까,"성시경, 박효신, 이석훈, 서인국, VIXX (빅스)",Jelly Christmas 2012 HEART PROJECT,2013.01.07,171261,2012,1,7,2,1
30,크리스마스니까,"성시경, 박효신, 이석훈, 서인국, VIXX (빅스)",Jelly Christmas 2012 HEART PROJECT,2013.01.14,171261,2012,1,14,3,1
44,크리스마스니까,"성시경, 박효신, 이석훈, 서인국, VIXX (빅스)",Jelly Christmas 2012 HEART PROJECT,2013.01.21,171261,2012,1,21,4,1
59,크리스마스니까,"성시경, 박효신, 이석훈, 서인국, VIXX (빅스)",Jelly Christmas 2012 HEART PROJECT,2013.01.28,171261,2012,1,28,5,1
73,크리스마스니까,"성시경, 박효신, 이석훈, 서인국, VIXX (빅스)",Jelly Christmas 2012 HEART PROJECT,2013.02.04,171261,2012,2,4,1,1
95,크리스마스니까,"성시경, 박효신, 이석훈, 서인국, VIXX (빅스)",Jelly Christmas 2012 HEART PROJECT,2013.02.11,171261,2012,2,11,2,1
87,벚꽃 엔딩,버스커 버스커,버스커 버스커 1집,2013.02.25,345231,2012,2,25,4,1
30,벚꽃 엔딩,버스커 버스커,버스커 버스커 1집,2013.03.04,345231,2013,3,4,1,0
15,벚꽃 엔딩,버스커 버스커,버스커 버스커 1집,2013.03.11,345231,2013,3,11,2,0
97,여수 밤바다,버스커 버스커,버스커 버스커 1집,2013.03.11,158070,2013,3,11,2,0
1,벚꽃 엔딩,버스커 버스커,버스커 버스커 1집,2013.03.18,345231,2013,3,18,3,0
44,여수 밤바다,버스커 버스커,버스커 버스커 1집,2013.03.18,158070,2013,3,18,3,0
1,벚꽃 엔딩,버스커 버스커,버스커 버스커 1집,2013.03.25,345231,2013,3,25,4,0
34,여수 밤바다,버스커 버스커,버스커 버스커 1집,2013.03.25,158070,2013,3,25,4,0
78,꽃송이가,버스커 버스커,슈퍼스타K 4,2013.03.25,3712,2013,3,25,4,0
2,벚꽃 엔딩,버스커 버스커,버스커 버스커 1집,2013.04.01,345231,2013,4,1,1,0
46,여수 밤바다,버스커 버스커,버스커 버스커 1집,2013.04.01,158070,2013,4,1,1,0
75,꽃송이가,버스커 버스커,슈퍼스타K 4,2013.04.01,3712,2013,4,1,1,0
7,벚꽃 엔딩,버스커 버스커,버스커 버스커 1집,2013.04.08,345231,2013,4,8,2,0
86,꽃송이가,버스커 버스커,슈퍼스타K 4,2013.04.08,3712,2013,4,8,2,0
59,여수 밤바다,버스커 버스커,버스커 버스커 1집,2013.04.08,158070,2013,4,8,2,0
9,벚꽃 엔딩,버스커 버스커,버스커 버스커 1집,2013.04.15,345231,2013,4,15,3,0
93,꽃송이가,버스커 버스커,슈퍼스타K 4,2013.04.15,3712,2013,4,15,3,0
71,여수 밤바다,버스커 버스커,버스커 버스커 1집,2013.04.15,158070,2013,4,15,3,0
14,벚꽃 엔딩,버스커 버스커,버스커 버스커 1집,2013.04.22,345231,2013,4,22,4,0
87,여수 밤바다,버스커 버스커,버스커 버스커 1집,2013.04.22,158070,2013,4,22,4,0
19,벚꽃 엔딩,버스커 버스커,버스커 버스커 1집,2013.04.29,345231,2013,4,29,1,0
25,벚꽃 엔딩,버스커 버스커,버스커 버스커 1집,2013.05.06,345231,2013,5,6,2,0
28,벚꽃 엔딩,버스커 버스커,버스커 버스커 1집,2013.05.13,345231,2013,5,13,3,0
32,벚꽃 엔딩,버스커 버스커,버스커 버스커 1집,2013.05.20,345231,2013,5,20,4,0
44,벚꽃 엔딩,버스커 버스커,버스커 버스커 1집,2013.05.27,345231,2013,5,27,5,0
100,All I Want for Christmas Is You,Mariah Carey,Merry Christmas (Deluxe Anniversary Edition),2013.12.02,236566,2013,12,2,1,1
67,크리스마스니까,"성시경, 박효신, 이석훈, 서인국, VIXX (빅스)",Jelly Christmas 2012 HEART PROJECT,2013.12.02,171261,2013,12,2,1,1
26,크리스마스니까,"성시경, 박효신, 이석훈, 서인국, VIXX (빅스)",Jelly Christmas 2012 HEART PROJECT,2013.12.09,171261,2013,12,9,2,1
85,미리 메리 크리스마스 (Feat. 천둥 Of MBLAQ),아이유,Real,2013.12.09,180205,2013,12,9,2,1
54,All I Want for Christmas Is You,Mariah Carey,Merry Christmas (Deluxe Anniversary Edition),2013.12.09,236566,2013,12,9,2,1
28,첫 눈,EXO,겨울 스페셜 앨범 '12월의 기적 (Miracles In December)',2013.12.09,287040,2013,12,9,2,1
61,미리 메리 크리스마스 (Feat. 천둥 Of MBLAQ),아이유,Real,2013.12.16,180205,2013,12,16,3,1
25,크리스마스니까,"성시경, 박효신, 이석훈, 서인국, VIXX (빅스)",Jelly Christmas 2012 HEART PROJECT,2013.12.16,171261,2013,12,16,3,1
42,All I Want for Christmas Is You,Mariah Carey,Merry Christmas (Deluxe Anniversary Edition),2013.12.16,236566,2013,12,16,3,1
56,첫 눈,EXO,겨울 스페셜 앨범 '12월의 기적 (Miracles In December)',2013.12.16,287040,2013,12,16,3,1
29,All I Want for Christmas Is You,Mariah Carey,Merry Christmas (Deluxe Anniversary Edition),2013.12.23,236566,2013,12,23,4,1
63,첫 눈,EXO,겨울 스페셜 앨범 '12월의 기적 (Miracles In December)',2013.12.23,287040,2013,12,23,4,1
27,크리스마스니까,"성시경, 박효신, 이석훈, 서인국, VIXX (빅스)",Jelly Christmas 2012 HEART PROJECT,2013.12.23,171261,2013,12,23,4,1
45,미리 메리 크리스마스 (Feat. 천둥 Of MBLAQ),아이유,Real,2013.12.23,180205,2013,12,23,4,1
99,미리 메리 크리스마스 (Feat. 천둥 Of MBLAQ),아이유,Real,2013.12.30,180205,2013,12,30,1,1
57,크리스마스니까,"성시경, 박효신, 이석훈, 서인국, VIXX (빅스)",Jelly Christmas 2012 HEART PROJECT,2013.12.30,171261,2013,12,30,1,1
83,첫 눈,EXO,겨울 스페셜 앨범 '12월의 기적 (Miracles In December)',2013.12.30,287040,2013,12,30,1,1
85,크리스마스니까,"성시경, 박효신, 이석훈, 서인국, VIXX (빅스)",Jelly Christmas 2012 HEART PROJECT,2014.01.06,171261,2013,1,6,2,1
93,벚꽃 엔딩,버스커 버스커,버스커 버스커 1집,2014.02.24,345231,2013,2,24,4,1
21,벚꽃 엔딩,버스커 버스커,버스커 버스커 1집,2014.03.03,345231,2014,3,3,1,0
11,벚꽃 엔딩,버스커 버스커,버스커 버스커 1집,2014.03.10,345231,2014,3,10,2,0
3,벚꽃 엔딩,버스커 버스커,버스커 버스커 1집,2014.03.17,345231,2014,3,17,3,0
6,벚꽃 엔딩,버스커 버스커,버스커 버스커 1집,2014.03.24,345231,2014,3,24,4,0
8,벚꽃 엔딩,버스커 버스커,버스커 버스커 1집,2014.03.31,345231,2014,3,31,1,0
90,꽃송이가,버스커 버스커,버스커 버스커 1집,2014.03.31,102899,2014,3,31,1,0
2,봄 사랑 벚꽃 말고,"HIGH4 (하이포), 아이유",봄 사랑 벚꽃 말고,2014.04.07,234207,2014,4,7,2,0
18,벚꽃 엔딩,버스커 버스커,버스커 버스커 1집,2014.04.07,345231,2014,4,7,2,0
2,봄 사랑 벚꽃 말고,"HIGH4 (하이포), 아이유",봄 사랑 벚꽃 말고,2014.04.14,234207,2014,4,14,3,0
18,벚꽃 엔딩,버스커 버스커,버스커 버스커 1집,2014.04.14,345231,2014,4,14,3,0
20,벚꽃 엔딩,버스커 버스커,버스커 버스커 1집,2014.04.21,345231,2014,4,21,4,0
2,봄 사랑 벚꽃 말고,"HIGH4 (하이포), 아이유",봄 사랑 벚꽃 말고,2014.04.21,234207,2014,4,21,4,0
1,봄 사랑 벚꽃 말고,"HIGH4 (하이포), 아이유",봄 사랑 벚꽃 말고,2014.04.28,234207,2014,4,28,1,0
24,벚꽃 엔딩,버스커 버스커,버스커 버스커 1집,2014.04.28,345231,2014,4,28,1,0
32,벚꽃 엔딩,버스커 버스커,버스커 버스커 1집,2014.05.05,345231,2014,5,5,2,0
2,봄 사랑 벚꽃 말고,"HIGH4 (하이포), 아이유",봄 사랑 벚꽃 말고,2014.05.05,234207,2014,5,5,2,0
53,벚꽃 엔딩,버스커 버스커,버스커 버스커 1집,2014.05.12,345231,2014,5,12,3,0
3,봄 사랑 벚꽃 말고,"HIGH4 (하이포), 아이유",봄 사랑 벚꽃 말고,2014.05.12,234207,2014,5,12,3,0
67,벚꽃 엔딩,버스커 버스커,버스커 버스커 1집,2014.05.19,345231,2014,5,19,4,0
6,봄 사랑 벚꽃 말고,"HIGH4 (하이포), 아이유",봄 사랑 벚꽃 말고,2014.05.19,234207,2014,5,19,4,0
78,벚꽃 엔딩,버스커 버스커,버스커 버스커 1집,2014.05.26,345231,2014,5,26,5,0
8,봄 사랑 벚꽃 말고,"HIGH4 (하이포), 아이유",봄 사랑 벚꽃 말고,2014.05.26,234207,2014,5,26,5,0
43,크리스마스니까,"성시경, 박효신, 이석훈, 서인국, VIXX (빅스)",Jelly Christmas 2012 HEART PROJECT,2014.12.01,171261,2014,12,1,1,1
64,미리 메리 크리스마스 (Feat. 천둥 Of MBLAQ),아이유,Real,2014.12.01,180205,2014,12,1,1,1
90,All I Want for Christmas Is You,Mariah Carey,Merry Christmas (Deluxe Anniversary Edition),2014.12.08,236566,2014,12,8,2,1
33,미리 메리 크리스마스 (Feat. 천둥 Of MBLAQ),아이유,Real,2014.12.08,180205,2014,12,8,2,1
24,크리스마스니까,"성시경, 박효신, 이석훈, 서인국, VIXX (빅스)",Jelly Christmas 2012 HEART PROJECT,2014.12.08,171261,2014,12,8,2,1
39,All I Want for Christmas Is You,Mariah Carey,Merry Christmas (Deluxe Anniversary Edition),2014.12.15,236566,2014,12,15,3,1
14,크리스마스니까,"성시경, 박효신, 이석훈, 서인국, VIXX (빅스)",Jelly Christmas 2012 HEART PROJECT,2014.12.15,171261,2014,12,15,3,1
18,미리 메리 크리스마스 (Feat. 천둥 Of MBLAQ),아이유,Real,2014.12.15,180205,2014,12,15,3,1
87,Must Have Love,"SG 워너비, 브라운아이드걸스",SG워너비 & 브라운아이드걸스 싱글,2014.12.15,79477,2014,12,15,3,1
5,크리스마스니까,"성시경, 박효신, 이석훈, 서인국, VIXX (빅스)",Jelly Christmas 2012 HEART PROJECT,2014.12.22,171261,2014,12,22,4,1
9,미리 메리 크리스마스 (Feat. 천둥 Of MBLAQ),아이유,Real,2014.12.22,180205,2014,12,22,4,1
23,All I Want for Christmas Is You,Mariah Carey,Merry Christmas (Deluxe Anniversary Edition),2014.12.22,236566,2014,12,22,4,1
40,Must Have Love,"SG 워너비, 브라운아이드걸스",SG워너비 & 브라운아이드걸스 싱글,2014.12.22,79477,2014,12,22,4,1
13,크리스마스니까,"성시경, 박효신, 이석훈, 서인국, VIXX (빅스)",Jelly Christmas 2012 HEART PROJECT,2014.12.29,171261,2014,12,29,1,1
18,미리 메리 크리스마스 (Feat. 천둥 Of MBLAQ),아이유,Real,2014.12.29,180205,2014,12,29,1,1
81,All I Want for Christmas Is You,Mariah Carey,Merry Christmas (Deluxe Anniversary Edition),2014.12.29,236566,2014,12,29,1,1
97,Must Have Love,"SG 워너비, 브라운아이드걸스",SG워너비 & 브라운아이드걸스 싱글,2014.12.29,79477,2014,12,29,1,1
32,크리스마스니까,"성시경, 박효신, 이석훈, 서인국, VIXX (빅스)",Jelly Christmas 2012 HEART PROJECT,2015.01.05,171261,2014,1,5,2,1
39,미리 메리 크리스마스 (Feat. 천둥 Of MBLAQ),아이유,Real,2015.01.05,180205,2014,1,5,2,1
61,미리 메리 크리스마스 (Feat. 천둥 Of MBLAQ),아이유,Real,2015.01.12,180205,2014,1,12,3,1
47,크리스마스니까,"성시경, 박효신, 이석훈, 서인국, VIXX (빅스)",Jelly Christmas 2012 HEART PROJECT,2015.01.12,171261,2014,1,12,3,1
71,크리스마스니까,"성시경, 박효신, 이석훈, 서인국, VIXX (빅스)",Jelly Christmas 2012 HEART PROJECT,2015.01.19,171261,2014,1,19,4,1
88,미리 메리 크리스마스 (Feat. 천둥 Of MBLAQ),아이유,Real,2015.01.19,180205,2014,1,19,4,1
96,크리스마스니까,"성시경, 박효신, 이석훈, 서인국, VIXX (빅스)",Jelly Christmas 2012 HEART PROJECT,2015.01.26,171261,2014,1,26,5,1
95,벚꽃 엔딩,버스커 버스커,버스커 버스커 1집,2015.02.23,345230,2014,2,23,4,1
30,벚꽃 엔딩,버스커 버스커,버스커 버스커 1집,2015.03.02,345230,2015,3,2,1,0
11,벚꽃 엔딩,버스커 버스커,버스커 버스커 1집,2015.03.09,345230,2015,3,9,2,0
67,봄 사랑 벚꽃 말고,"HIGH4 (하이포), 아이유",봄 사랑 벚꽃 말고,2015.03.09,234205,2015,3,9,2,0
7,벚꽃 엔딩,버스커 버스커,버스커 버스커 1집,2015.03.16,345230,2015,3,16,3,0
94,꽃송이가,버스커 버스커,버스커 버스커 1집,2015.03.16,102898,2015,3,16,3,0
24,봄 사랑 벚꽃 말고,"HIGH4 (하이포), 아이유",봄 사랑 벚꽃 말고,2015.03.16,234205,2015,3,16,3,0
67,꽃송이가,버스커 버스커,버스커 버스커 1집,2015.03.23,102898,2015,3,23,4,0
7,벚꽃 엔딩,버스커 버스커,버스커 버스커 1집,2015.03.23,345230,2015,3,23,4,0
15,봄 사랑 벚꽃 말고,"HIGH4 (하이포), 아이유",봄 사랑 벚꽃 말고,2015.03.23,234205,2015,3,23,4,0
8,벚꽃 엔딩,버스커 버스커,버스커 버스커 1집,2015.03.30,345230,2015,3,30,1,0
16,봄 사랑 벚꽃 말고,"HIGH4 (하이포), 아이유",봄 사랑 벚꽃 말고,2015.03.30,234205,2015,3,30,1,0
62,꽃송이가,버스커 버스커,버스커 버스커 1집,2015.03.30,102898,2015,3,30,1,0
65,꽃송이가,버스커 버스커,버스커 버스커 1집,2015.04.06,102898,2015,4,6,2,0
8,벚꽃 엔딩,버스커 버스커,버스커 버스커 1집,2015.04.06,345230,2015,4,6,2,0
15,봄 사랑 벚꽃 말고,"HIGH4 (하이포), 아이유",봄 사랑 벚꽃 말고,2015.04.06,234205,2015,4,6,2,0
50,우연히 봄,"로꼬, 유주 (YUJU)",냄새를 보는 소녀 OST Part.2,2015.04.06,177245,2015,4,6,2,0
16,벚꽃 엔딩,버스커 버스커,버스커 버스커 1집,2015.04.13,345230,2015,4,13,3,0
83,꽃송이가,버스커 버스커,버스커 버스커 1집,2015.04.13,102898,2015,4,13,3,0
19,봄 사랑 벚꽃 말고,"HIGH4 (하이포), 아이유",봄 사랑 벚꽃 말고,2015.04.13,234205,2015,4,13,3,0
28,우연히 봄,"로꼬, 유주 (YUJU)",냄새를 보는 소녀 OST Part.2,2015.04.13,177245,2015,4,13,3,0
22,벚꽃 엔딩,버스커 버스커,버스커 버스커 1집,2015.04.20,345230,2015,4,20,4,0
18,우연히 봄,"로꼬, 유주 (YUJU)",냄새를 보는 소녀 OST Part.2,2015.04.20,177245,2015,4,20,4,0
20,봄 사랑 벚꽃 말고,"HIGH4 (하이포), 아이유",봄 사랑 벚꽃 말고,2015.04.20,234206,2015,4,20,4,0
28,벚꽃 엔딩,버스커 버스커,버스커 버스커 1집,2015.04.27,345231,2015,4,27,5,0
11,우연히 봄,"로꼬, 유주 (YUJU)",냄새를 보는 소녀 OST Part.2,2015.04.27,177245,2015,4,27,5,0
24,봄 사랑 벚꽃 말고,"HIGH4 (하이포), 아이유",봄 사랑 벚꽃 말고,2015.04.27,234206,2015,4,27,5,0
34,벚꽃 엔딩,버스커 버스커,버스커 버스커 1집,2015.05.04,345231,2015,5,4,1,0
7,우연히 봄,"로꼬, 유주 (YUJU)",냄새를 보는 소녀 OST Part.2,2015.05.04,177245,2015,5,4,1,0
28,봄 사랑 벚꽃 말고,"HIGH4 (하이포), 아이유",봄 사랑 벚꽃 말고,2015.05.04,234206,2015,5,4,1,0
40,벚꽃 엔딩,버스커 버스커,버스커 버스커 1집,2015.05.11,345231,2015,5,11,2,0
4,우연히 봄,"로꼬, 유주 (YUJU)",냄새를 보는 소녀 OST Part.2,2015.05.11,177245,2015,5,11,2,0
32,봄 사랑 벚꽃 말고,"HIGH4 (하이포), 아이유",봄 사랑 벚꽃 말고,2015.05.11,234206,2015,5,11,2,0
54,벚꽃 엔딩,버스커 버스커,버스커 버스커 1집,2015.05.18,345231,2015,5,18,3,0
6,우연히 봄,"로꼬, 유주 (YUJU)",냄새를 보는 소녀 OST Part.2,2015.05.18,177245,2015,5,18,3,0
38,봄 사랑 벚꽃 말고,"HIGH4 (하이포), 아이유",봄 사랑 벚꽃 말고,2015.05.18,234206,2015,5,18,3,0
66,벚꽃 엔딩,버스커 버스커,버스커 버스커 1집,2015.05.25,345231,2015,5,25,4,0
43,봄 사랑 벚꽃 말고,"HIGH4 (하이포), 아이유",봄 사랑 벚꽃 말고,2015.05.25,234206,2015,5,25,4,0
6,우연히 봄,"로꼬, 유주 (YUJU)",냄새를 보는 소녀 OST Part.2,2015.05.25,177245,2015,5,25,4,0
40,크리스마스니까,"성시경, 박효신, 이석훈, 서인국, VIXX (빅스)",Jelly Christmas 2012 HEART PROJECT,2015.11.30,171261,2015,11,30,1,1
35,크리스마스니까,"성시경, 박효신, 이석훈, 서인국, VIXX (빅스)",Jelly Christmas 2012 HEART PROJECT,2015.12.07,171261,2015,12,7,2,1
23,크리스마스니까,"성시경, 박효신, 이석훈, 서인국, VIXX (빅스)",Jelly Christmas 2012 HEART PROJECT,2015.12.14,171261,2015,12,14,3,1
94,미리 메리 크리스마스 (Feat. 천둥 Of MBLAQ),아이유,Real,2015.12.21,180205,2015,12,21,4,1
15,크리스마스니까,"성시경, 박효신, 이석훈, 서인국, VIXX (빅스)",Jelly Christmas 2012 HEART PROJECT,2015.12.21,171261,2015,12,21,4,1
75,All I Want for Christmas Is You,Mariah Carey,Merry Christmas (Deluxe Anniversary Edition),2015.12.21,236566,2015,12,21,4,1
34,크리스마스니까,"성시경, 박효신, 이석훈, 서인국, VIXX (빅스)",Jelly Christmas 2012 HEART PROJECT,2015.12.28,171261,2015,12,28,5,1
57,크리스마스니까,"성시경, 박효신, 이석훈, 서인국, VIXX (빅스)",Jelly Christmas 2012 HEART PROJECT,2016.01.04,171261,2015,1,4,1,1
77,크리스마스니까,"성시경, 박효신, 이석훈, 서인국, VIXX (빅스)",Jelly Christmas 2012 HEART PROJECT,2016.01.11,171261,2015,1,11,2,1
99,크리스마스니까,"성시경, 박효신, 이석훈, 서인국, VIXX (빅스)",Jelly Christmas 2012 HEART PROJECT,2016.01.18,171261,2015,1,18,3,1
75,벚꽃 엔딩,버스커 버스커,버스커 버스커 1집,2016.02.29,345228,2015,2,29,1,1
74,봄 사랑 벚꽃 말고,"HIGH4 (하이포), 아이유",봄 사랑 벚꽃 말고,2016.03.07,234205,2016,3,7,2,0
78,우연히 봄,"로꼬, 유주 (YUJU)",냄새를 보는 소녀 OST Part.2,2016.03.07,177245,2016,3,7,2,0
25,벚꽃 엔딩,버스커 버스커,버스커 버스커 1집,2016.03.07,345228,2016,3,7,2,0
43,봄 사랑 벚꽃 말고,"HIGH4 (하이포), 아이유",봄 사랑 벚꽃 말고,2016.03.14,234205,2016,3,14,3,0
14,벚꽃 엔딩,버스커 버스커,버스커 버스커 1집,2016.03.14,345229,2016,3,14,3,0
64,우연히 봄,"로꼬, 유주 (YUJU)",냄새를 보는 소녀 OST Part.2,2016.03.14,177245,2016,3,14,3,0
59,우연히 봄,"로꼬, 유주 (YUJU)",냄새를 보는 소녀 OST Part.2,2016.03.21,177245,2016,3,21,4,0
13,벚꽃 엔딩,버스커 버스커,버스커 버스커 1집,2016.03.21,345229,2016,3,21,4,0
76,꽃송이가,버스커 버스커,버스커 버스커 1집,2016.03.21,102898,2016,3,21,4,0
37,봄 사랑 벚꽃 말고,"HIGH4 (하이포), 아이유",봄 사랑 벚꽃 말고,2016.03.21,234205,2016,3,21,4,0
10,봄이 좋냐??,10CM,3.2,2016.03.28,191569,2016,3,28,5,0
12,벚꽃 엔딩,버스커 버스커,버스커 버스커 1집,2016.03.28,345229,2016,3,28,5,0
67,여수 밤바다,버스커 버스커,버스커 버스커 1집,2016.03.28,158070,2016,3,28,5,0
35,봄 사랑 벚꽃 말고,"HIGH4 (하이포), 아이유",봄 사랑 벚꽃 말고,2016.03.28,234205,2016,3,28,5,0
56,우연히 봄,"로꼬, 유주 (YUJU)",냄새를 보는 소녀 OST Part.2,2016.03.28,177245,2016,3,28,5,0
55,꽃송이가,버스커 버스커,버스커 버스커 1집,2016.03.28,102898,2016,3,28,5,0
48,우연히 봄,"로꼬, 유주 (YUJU)",냄새를 보는 소녀 OST Part.2,2016.04.04,177245,2016,4,4,1,0
59,꽃송이가,버스커 버스커,버스커 버스커 1집,2016.04.04,102898,2016,4,4,1,0
12,벚꽃 엔딩,버스커 버스커,버스커 버스커 1집,2016.04.04,345229,2016,4,4,1,0
1,봄이 좋냐??,10CM,3.2,2016.04.04,191569,2016,4,4,1,0
32,봄 사랑 벚꽃 말고,"HIGH4 (하이포), 아이유",봄 사랑 벚꽃 말고,2016.04.04,234205,2016,4,4,1,0
68,여수 밤바다,버스커 버스커,버스커 버스커 1집,2016.04.04,158070,2016,4,4,1,0
37,봄 사랑 벚꽃 말고,"HIGH4 (하이포), 아이유",봄 사랑 벚꽃 말고,2016.04.11,234205,2016,4,11,2,0
1,봄이 좋냐??,10CM,3.2,2016.04.11,191569,2016,4,11,2,0
20,벚꽃 엔딩,버스커 버스커,버스커 버스커 1집,2016.04.11,345229,2016,4,11,2,0
91,여수 밤바다,버스커 버스커,버스커 버스커 1집,2016.04.11,158070,2016,4,11,2,0
79,꽃송이가,버스커 버스커,버스커 버스커 1집,2016.04.11,102898,2016,4,11,2,0
49,우연히 봄,"로꼬, 유주 (YUJU)",냄새를 보는 소녀 OST Part.2,2016.04.11,177245,2016,4,11,2,0
28,벚꽃 엔딩,버스커 버스커,버스커 버스커 1집,2016.04.18,345229,2016,4,18,3,0
56,우연히 봄,"로꼬, 유주 (YUJU)",냄새를 보는 소녀 OST Part.2,2016.04.18,177245,2016,4,18,3,0
45,봄 사랑 벚꽃 말고,"HIGH4 (하이포), 아이유",봄 사랑 벚꽃 말고,2016.04.18,234205,2016,4,18,3,0
2,봄이 좋냐??,10CM,3.2,2016.04.18,191569,2016,4,18,3,0
60,우연히 봄,"로꼬, 유주 (YUJU)",냄새를 보는 소녀 OST Part.2,2016.04.25,177245,2016,4,25,4,0
52,봄 사랑 벚꽃 말고,"HIGH4 (하이포), 아이유",봄 사랑 벚꽃 말고,2016.04.25,234205,2016,4,25,4,0
37,벚꽃 엔딩,버스커 버스커,버스커 버스커 1집,2016.04.25,345229,2016,4,25,4,0
3,봄이 좋냐??,10CM,3.2,2016.04.25,191569,2016,4,25,4,0
5,봄이 좋냐??,10CM,3.2,2016.05.02,191569,2016,5,2,1,0
49,벚꽃 엔딩,버스커 버스커,버스커 버스커 1집,2016.05.02,345229,2016,5,2,1,0
67,봄 사랑 벚꽃 말고,"HIGH4 (하이포), 아이유",봄 사랑 벚꽃 말고,2016.05.02,234205,2016,5,2,1,0
74,우연히 봄,"로꼬, 유주 (YUJU)",냄새를 보는 소녀 OST Part.2,2016.05.02,177245,2016,5,2,1,0
87,봄 사랑 벚꽃 말고,"HIGH4 (하이포), 아이유",봄 사랑 벚꽃 말고,2016.05.09,234205,2016,5,9,2,0
83,우연히 봄,"로꼬, 유주 (YUJU)",냄새를 보는 소녀 OST Part.2,2016.05.09,177245,2016,5,9,2,0
65,벚꽃 엔딩,버스커 버스커,버스커 버스커 1집,2016.05.09,345229,2016,5,9,2,0
5,봄이 좋냐??,10CM,3.2,2016.05.09,191569,2016,5,9,2,0
72,벚꽃 엔딩,버스커 버스커,버스커 버스커 1집,2016.05.16,345229,2016,5,16,3,0
87,우연히 봄,"로꼬, 유주 (YUJU)",냄새를 보는 소녀 OST Part.2,2016.05.16,177245,2016,5,16,3,0
6,봄이 좋냐??,10CM,3.2,2016.05.16,191569,2016,5,16,3,0
97,봄 사랑 벚꽃 말고,"HIGH4 (하이포), 아이유",봄 사랑 벚꽃 말고,2016.05.16,234205,2016,5,16,3,0
13,봄이 좋냐??,10CM,3.2,2016.05.23,191569,2016,5,23,4,0
90,벚꽃 엔딩,버스커 버스커,버스커 버스커 1집,2016.05.23,345229,2016,5,23,4,0
94,우연히 봄,"로꼬, 유주 (YUJU)",냄새를 보는 소녀 OST Part.2,2016.05.23,177245,2016,5,23,4,0
48,미리 메리 크리스마스 (Feat. 천둥 Of MBLAQ),아이유,Real,2016.11.28,180205,2016,11,28,1,1
68,크리스마스니까,"성시경, 박효신, 이석훈, 서인국, VIXX (빅스)",Jelly Christmas 2012 HEART PROJECT,2016.11.28,171261,2016,11,28,1,1
34,미리 메리 크리스마스 (Feat. 천둥 Of MBLAQ),아이유,Real,2016.12.05,180205,2016,12,5,2,1
99,Santa Tell Me,Ariana Grande,Santa Tell Me,2016.12.05,246443,2016,12,5,2,1
49,크리스마스니까,"성시경, 박효신, 이석훈, 서인국, VIXX (빅스)",Jelly Christmas 2012 HEART PROJECT,2016.12.05,171261,2016,12,5,2,1
77,Santa Tell Me,Ariana Grande,Santa Tell Me,2016.12.12,246443,2016,12,12,3,1
82,All I Want for Christmas Is You,Mariah Carey,Merry Christmas (Deluxe Anniversary Edition),2016.12.12,236566,2016,12,12,3,1
39,크리스마스니까,"성시경, 박효신, 이석훈, 서인국, VIXX (빅스)",Jelly Christmas 2012 HEART PROJECT,2016.12.12,171261,2016,12,12,3,1
30,미리 메리 크리스마스 (Feat. 천둥 Of MBLAQ),아이유,Real,2016.12.12,180205,2016,12,12,3,1
93,Last Christmas,WHAM!,크리스마스 캐롤 베스트 (Christmas Carol Best),2016.12.19,5069,2016,12,19,4,1
53,Santa Tell Me,Ariana Grande,Santa Tell Me,2016.12.19,246443,2016,12,19,4,1
32,All I Want for Christmas Is You,Mariah Carey,Merry Christmas (Deluxe Anniversary Edition),2016.12.19,236566,2016,12,19,4,1
25,미리 메리 크리스마스 (Feat. 천둥 Of MBLAQ),아이유,Real,2016.12.19,180205,2016,12,19,4,1
29,크리스마스니까,"성시경, 박효신, 이석훈, 서인국, VIXX (빅스)",Jelly Christmas 2012 HEART PROJECT,2016.12.19,171261,2016,12,19,4,1
52,크리스마스니까,"성시경, 박효신, 이석훈, 서인국, VIXX (빅스)",Jelly Christmas 2012 HEART PROJECT,2016.12.26,171261,2016,12,26,5,1
40,미리 메리 크리스마스 (Feat. 천둥 Of MBLAQ),아이유,Real,2016.12.26,180205,2016,12,26,5,1
84,All I Want for Christmas Is You,Mariah Carey,Merry Christmas (Deluxe Anniversary Edition),2016.12.26,236566,2016,12,26,5,1
88,Santa Tell Me,Ariana Grande,Santa Tell Me,2016.12.26,246443,2016,12,26,5,1
83,미리 메리 크리스마스 (Feat. 천둥 Of MBLAQ),아이유,Real,2017.01.02,180205,2016,1,2,1,1
87,벚꽃 엔딩,버스커 버스커,버스커 버스커 1집,2017.02.27,345228,2016,2,27,1,1
59,벚꽃 엔딩,버스커 버스커,버스커 버스커 1집,2017.03.06,345228,2017,3,6,2,0
31,벚꽃 엔딩,버스커 버스커,버스커 버스커 1집,2017.03.13,345228,2017,3,13,3,0
69,봄 사랑 벚꽃 말고,"HIGH4 (하이포), 아이유",봄 사랑 벚꽃 말고,2017.03.13,234205,2017,3,13,3,0
28,벚꽃 엔딩,버스커 버스커,버스커 버스커 1집,2017.03.20,345228,2017,3,20,4,0
43,봄 사랑 벚꽃 말고,"HIGH4 (하이포), 아이유",봄 사랑 벚꽃 말고,2017.03.20,234205,2017,3,20,4,0
88,봄이 좋냐??,10CM,3.2,2017.03.20,191569,2017,3,20,4,0
79,봄이 좋냐??,10CM,3.2,2017.03.27,191569,2017,3,27,5,0
26,벚꽃 엔딩,버스커 버스커,버스커 버스커 1집,2017.03.27,345228,2017,3,27,5,0
35,봄 사랑 벚꽃 말고,"HIGH4 (하이포), 아이유",봄 사랑 벚꽃 말고,2017.03.27,234205,2017,3,27,5,0
26,봄 사랑 벚꽃 말고,"HIGH4 (하이포), 아이유",봄 사랑 벚꽃 말고,2017.04.03,234205,2017,4,3,1,0
15,벚꽃 엔딩,버스커 버스커,버스커 버스커 1집,2017.04.03,345228,2017,4,3,1,0
56,봄이 좋냐??,10CM,3.2,2017.04.03,191569,2017,4,3,1,0
17,벚꽃 엔딩,버스커 버스커,버스커 버스커 1집,2017.04.10,345228,2017,4,10,2,0
57,봄이 좋냐??,10CM,3.2,2017.04.10,191569,2017,4,10,2,0
23,봄 사랑 벚꽃 말고,"HIGH4 (하이포), 아이유",봄 사랑 벚꽃 말고,2017.04.10,234205,2017,4,10,2,0
39,봄 사랑 벚꽃 말고,"HIGH4 (하이포), 아이유",봄 사랑 벚꽃 말고,2017.04.17,234205,2017,4,17,3,0
34,벚꽃 엔딩,버스커 버스커,버스커 버스커 1집,2017.04.17,345228,2017,4,17,3,0
78,봄이 좋냐??,10CM,3.2,2017.04.17,191569,2017,4,17,3,0
52,벚꽃 엔딩,버스커 버스커,버스커 버스커 1집,2017.04.24,345228,2017,4,24,4,0
53,봄 사랑 벚꽃 말고,"HIGH4 (하이포), 아이유",봄 사랑 벚꽃 말고,2017.04.24,234205,2017,4,24,4,0
97,봄이 좋냐??,10CM,3.2,2017.04.24,191569,2017,4,24,4,0
57,봄 사랑 벚꽃 말고,"HIGH4 (하이포), 아이유",봄 사랑 벚꽃 말고,2017.05.01,234205,2017,5,1,1,0
62,벚꽃 엔딩,버스커 버스커,버스커 버스커 1집,2017.05.01,345228,2017,5,1,1,0
91,벚꽃 엔딩,버스커 버스커,버스커 버스커 1집,2017.05.08,345228,2017,5,8,2,0
76,봄 사랑 벚꽃 말고,"HIGH4 (하이포), 아이유",봄 사랑 벚꽃 말고,2017.05.08,234205,2017,5,8,2,0
89,봄 사랑 벚꽃 말고,"HIGH4 (하이포), 아이유",봄 사랑 벚꽃 말고,2017.05.15,234205,2017,5,15,3,0
52,Santa Tell Me,Ariana Grande,Santa Tell Me,2017.12.04,246443,2017,12,4,1,1
67,크리스마스니까,"성시경, 박효신, 이석훈, 서인국, VIXX (빅스)",Jelly Christmas 2012 HEART PROJECT,2017.12.04,171261,2017,12,4,1,1
58,미리 메리 크리스마스 (Feat. 천둥 Of MBLAQ),아이유,Real,2017.12.04,180205,2017,12,4,1,1
100,Snowman,Sia,Everyday Is Christmas (Snowman Deluxe Edition),2017.12.04,265321,2017,12,4,1,1
46,크리스마스니까,"성시경, 박효신, 이석훈, 서인국, VIXX (빅스)",Jelly Christmas 2012 HEART PROJECT,2017.12.11,171261,2017,12,11,2,1
99,All I Want for Christmas Is You,Mariah Carey,Merry Christmas (Deluxe Anniversary Edition),2017.12.11,236566,2017,12,11,2,1
43,미리 메리 크리스마스 (Feat. 천둥 Of MBLAQ),아이유,Real,2017.12.11,180205,2017,12,11,2,1
26,Santa Tell Me,Ariana Grande,Santa Tell Me,2017.12.11,246443,2017,12,11,2,1
78,Snowman,Sia,Everyday Is Christmas (Snowman Deluxe Edition),2017.12.11,265321,2017,12,11,2,1
65,All I Want for Christmas Is You,Mariah Carey,Merry Christmas (Deluxe Anniversary Edition),2017.12.18,236566,2017,12,18,3,1
16,Santa Tell Me,Ariana Grande,Santa Tell Me,2017.12.18,246443,2017,12,18,3,1
63,Snowman,Sia,Everyday Is Christmas (Snowman Deluxe Edition),2017.12.18,265321,2017,12,18,3,1
36,크리스마스니까,"성시경, 박효신, 이석훈, 서인국, VIXX (빅스)",Jelly Christmas 2012 HEART PROJECT,2017.12.18,171261,2017,12,18,3,1
28,미리 메리 크리스마스 (Feat. 천둥 Of MBLAQ),아이유,Real,2017.12.18,180205,2017,12,18,3,1
76,Snowman,Sia,Everyday Is Christmas (Snowman Deluxe Edition),2017.12.25,265321,2017,12,25,4,1
52,크리스마스니까,"성시경, 박효신, 이석훈, 서인국, VIXX (빅스)",Jelly Christmas 2012 HEART PROJECT,2017.12.25,171261,2017,12,25,4,1
8,Santa Tell Me,Ariana Grande,Santa Tell Me,2017.12.25,246443,2017,12,25,4,1
89,All I Want for Christmas Is You,Mariah Carey,Merry Christmas (Deluxe Anniversary Edition),2017.12.25,236566,2017,12,25,4,1
46,미리 메리 크리스마스 (Feat. 천둥 Of MBLAQ),아이유,Real,2017.12.25,180205,2017,12,25,4,1
90,Snowman,Sia,Everyday Is Christmas (Snowman Deluxe Edition),2018.01.01,265321,2017,1,1,1,1
26,Santa Tell Me,Ariana Grande,Santa Tell Me,2018.01.01,246443,2017,1,1,1,1
94,크리스마스니까,"성시경, 박효신, 이석훈, 서인국, VIXX (빅스)",Jelly Christmas 2012 HEART PROJECT,2018.01.01,171261,2017,1,1,1,1
89,미리 메리 크리스마스 (Feat. 천둥 Of MBLAQ),아이유,Real,2018.01.01,180205,2017,1,1,1,1
100,Snowman,Sia,Everyday Is Christmas (Snowman Deluxe Edition),2018.01.08,265321,2017,1,8,2,1
43,Santa Tell Me,Ariana Grande,Santa Tell Me,2018.01.08,246443,2017,1,8,2,1
56,Santa Tell Me,Ariana Grande,Santa Tell Me,2018.01.15,246443,2017,1,15,3,1
73,Santa Tell Me,Ariana Grande,Santa Tell Me,2018.01.22,246443,2017,1,22,4,1
85,Santa Tell Me,Ariana Grande,Santa Tell Me,2018.01.29,246443,2017,1,29,1,1
86,벚꽃 엔딩,버스커 버스커,버스커 버스커 1집,2018.03.12,345227,2018,3,12,3,0
80,벚꽃 엔딩,버스커 버스커,버스커 버스커 1집,2018.03.19,345227,2018,3,19,4,0
91,봄이 좋냐??,10CM,3.2,2018.03.26,191568,2018,3,26,5,0
76,봄 사랑 벚꽃 말고,"HIGH4 (하이포), 아이유",봄 사랑 벚꽃 말고,2018.03.26,234205,2018,3,26,5,0
44,벚꽃 엔딩,버스커 버스커,버스커 버스커 1집,2018.03.26,345227,2018,3,26,5,0
65,봄이 좋냐??,10CM,3.2,2018.04.02,191568,2018,4,2,1,0
54,봄 사랑 벚꽃 말고,"HIGH4 (하이포), 아이유",봄 사랑 벚꽃 말고,2018.04.02,234205,2018,4,2,1,0
32,벚꽃 엔딩,버스커 버스커,버스커 버스커 1집,2018.04.02,345228,2018,4,2,1,0
51,벚꽃 엔딩,버스커 버스커,버스커 버스커 1집,2018.04.09,345228,2018,4,9,2,0
68,봄 사랑 벚꽃 말고,"HIGH4 (하이포), 아이유",봄 사랑 벚꽃 말고,2018.04.09,234205,2018,4,9,2,0
76,봄이 좋냐??,10CM,3.2,2018.04.09,191568,2018,4,9,2,0
77,봄 사랑 벚꽃 말고,"HIGH4 (하이포), 아이유",봄 사랑 벚꽃 말고,2018.04.16,234205,2018,4,16,3,0
70,벚꽃 엔딩,버스커 버스커,버스커 버스커 1집,2018.04.16,345228,2018,4,16,3,0
80,봄이 좋냐??,10CM,3.2,2018.04.16,191568,2018,4,16,3,0
85,벚꽃 엔딩,버스커 버스커,버스커 버스커 1집,2018.04.23,345228,2018,4,23,4,0
87,봄 사랑 벚꽃 말고,"HIGH4 (하이포), 아이유",봄 사랑 벚꽃 말고,2018.04.23,234205,2018,4,23,4,0
98,봄이 좋냐??,10CM,3.2,2018.04.23,191568,2018,4,23,4,0
98,벚꽃 엔딩,버스커 버스커,버스커 버스커 1집,2018.04.30,345228,2018,4,30,1,0
92,Santa Tell Me,Ariana Grande,Santa Tell Me,2018.12.03,246443,2018,12,3,1,1
98,All I Want for Christmas Is You,Mariah Carey,Merry Christmas (Deluxe Anniversary Edition),2018.12.03,236565,2018,12,3,1,1
83,크리스마스니까,"성시경, 박효신, 이석훈, 서인국, VIXX (빅스)",Jelly Christmas 2012 HEART PROJECT,2018.12.10,171261,2018,12,10,2,1
43,Santa Tell Me,Ariana Grande,Santa Tell Me,2018.12.10,246443,2018,12,10,2,1
45,All I Want for Christmas Is You,Mariah Carey,Merry Christmas (Deluxe Anniversary Edition),2018.12.10,236565,2018,12,10,2,1
87,Snowman,Sia,Everyday Is Christmas (Snowman Deluxe Edition),2018.12.10,265321,2018,12,10,2,1
70,미리 메리 크리스마스 (Feat. 천둥 Of MBLAQ),아이유,Real,2018.12.10,180205,2018,12,10,2,1
44,크리스마스니까,"성시경, 박효신, 이석훈, 서인국, VIXX (빅스)",Jelly Christmas 2012 HEART PROJECT,2018.12.17,171261,2018,12,17,3,1
38,미리 메리 크리스마스 (Feat. 천둥 Of MBLAQ),아이유,Real,2018.12.17,180205,2018,12,17,3,1
27,All I Want for Christmas Is You,Mariah Carey,Merry Christmas (Deluxe Anniversary Edition),2018.12.17,236565,2018,12,17,3,1
28,Santa Tell Me,Ariana Grande,Santa Tell Me,2018.12.17,246443,2018,12,17,3,1
49,Snowman,Sia,Everyday Is Christmas (Snowman Deluxe Edition),2018.12.17,265321,2018,12,17,3,1
30,Snowman,Sia,Everyday Is Christmas (Snowman Deluxe Edition),2018.12.24,265321,2018,12,24,4,1
7,All I Want for Christmas Is You,Mariah Carey,Merry Christmas (Deluxe Anniversary Edition),2018.12.24,236565,2018,12,24,4,1
87,Last Christmas,Ariana Grande,Last Christmas,2018.12.24,26092,2018,12,24,4,1
26,크리스마스니까,"성시경, 박효신, 이석훈, 서인국, VIXX (빅스)",Jelly Christmas 2012 HEART PROJECT,2018.12.24,171261,2018,12,24,4,1
90,Must Have Love,"SG 워너비, 브라운아이드걸스",SG워너비 & 브라운아이드걸스 싱글,2018.12.24,79477,2018,12,24,4,1
12,Santa Tell Me,Ariana Grande,Santa Tell Me,2018.12.24,246443,2018,12,24,4,1
21,미리 메리 크리스마스 (Feat. 천둥 Of MBLAQ),아이유,Real,2018.12.24,180205,2018,12,24,4,1
87,크리스마스니까,"성시경, 박효신, 이석훈, 서인국, VIXX (빅스)",Jelly Christmas 2012 HEART PROJECT,2018.12.31,171261,2018,12,31,1,1
75,미리 메리 크리스마스 (Feat. 천둥 Of MBLAQ),아이유,Real,2018.12.31,180205,2018,12,31,1,1
49,Snowman,Sia,Everyday Is Christmas (Snowman Deluxe Edition),2018.12.31,265321,2018,12,31,1,1
52,Santa Tell Me,Ariana Grande,Santa Tell Me,2018.12.31,246443,2018,12,31,1,1
55,All I Want for Christmas Is You,Mariah Carey,Merry Christmas (Deluxe Anniversary Edition),2018.12.31,236565,2018,12,31,1,1
62,Snowman,Sia,Everyday Is Christmas (Snowman Deluxe Edition),2019.01.07,265321,2018,1,7,2,1
83,Santa Tell Me,Ariana Grande,Santa Tell Me,2019.01.07,246443,2018,1,7,2,1
98,All I Want for Christmas Is You,Mariah Carey,Merry Christmas (Deluxe Anniversary Edition),2019.01.07,236565,2018,1,7,2,1
69,Snowman,Sia,Everyday Is Christmas (Snowman Deluxe Edition),2019.01.14,265321,2018,1,14,3,1
79,Snowman,Sia,Everyday Is Christmas (Snowman Deluxe Edition),2019.01.21,265321,2018,1,21,4,1
99,Snowman,Sia,Everyday Is Christmas (Snowman Deluxe Edition),2019.01.28,265321,2018,1,28,5,1
97,Snowman,Sia,Everyday Is Christmas (Snowman Deluxe Edition),2019.02.04,265321,2018,2,4,1,1
95,벚꽃 엔딩,버스커 버스커,버스커 버스커 1집,2019.03.18,345227,2019,3,18,3,0
50,벚꽃 엔딩,버스커 버스커,버스커 버스커 1집,2019.03.25,345227,2019,3,25,4,0
1,"나만, 봄",볼빨간사춘기,사춘기집Ⅰ 꽃기운,2019.04.01,202685,2019,4,1,1,0
41,벚꽃 엔딩,버스커 버스커,버스커 버스커 1집,2019.04.01,345227,2019,4,1,1,0
45,벚꽃 엔딩,버스커 버스커,버스커 버스커 1집,2019.04.08,345227,2019,4,8,2,0
1,"나만, 봄",볼빨간사춘기,사춘기집Ⅰ 꽃기운,2019.04.08,202685,2019,4,8,2,0
61,벚꽃 엔딩,버스커 버스커,버스커 버스커 1집,2019.04.15,345227,2019,4,15,3,0
2,"나만, 봄",볼빨간사춘기,사춘기집Ⅰ 꽃기운,2019.04.15,202685,2019,4,15,3,0
3,"나만, 봄",볼빨간사춘기,사춘기집Ⅰ 꽃기운,2019.04.22,202685,2019,4,22,4,0
82,벚꽃 엔딩,버스커 버스커,버스커 버스커 1집,2019.04.22,345227,2019,4,22,4,0
94,벚꽃 엔딩,버스커 버스커,버스커 버스커 1집,2019.04.29,345227,2019,4,29,1,0
3,"나만, 봄",볼빨간사춘기,사춘기집Ⅰ 꽃기운,2019.04.29,202685,2019,4,29,1,0
5,"나만, 봄",볼빨간사춘기,사춘기집Ⅰ 꽃기운,2019.05.06,202685,2019,5,6,2,0
6,"나만, 봄",볼빨간사춘기,사춘기집Ⅰ 꽃기운,2019.05.13,202685,2019,5,13,3,0
10,"나만, 봄",볼빨간사춘기,사춘기집Ⅰ 꽃기운,2019.05.20,202685,2019,5,20,4,0
13,"나만, 봄",볼빨간사춘기,사춘기집Ⅰ 꽃기운,2019.05.27,202685,2019,5,27,5,0
58,미리 메리 크리스마스 (Feat. 천둥 Of MBLAQ),아이유,Real,2019.12.02,180205,2019,12,2,1,1
42,Santa Tell Me,Ariana Grande,Santa Tell Me,2019.12.02,246443,2019,12,2,1,1
65,Snowman,Sia,Everyday Is Christmas (Snowman Deluxe Edition),2019.12.02,265321,2019,12,2,1,1
29,All I Want for Christmas Is You,Mariah Carey,Merry Christmas (Deluxe Anniversary Edition),2019.12.02,236565,2019,12,2,1,1
84,크리스마스니까,"성시경, 박효신, 이석훈, 서인국, VIXX (빅스)",Jelly Christmas 2012 HEART PROJECT,2019.12.02,171261,2019,12,2,1,1
51,Snowman,Sia,Everyday Is Christmas (Snowman Deluxe Edition),2019.12.09,265321,2019,12,9,2,1
26,All I Want for Christmas Is You,Mariah Carey,Merry Christmas (Deluxe Anniversary Edition),2019.12.09,236565,2019,12,9,2,1
29,Santa Tell Me,Ariana Grande,Santa Tell Me,2019.12.09,246443,2019,12,9,2,1
45,미리 메리 크리스마스 (Feat. 천둥 Of MBLAQ),아이유,Real,2019.12.09,180205,2019,12,9,2,1
55,크리스마스니까,"성시경, 박효신, 이석훈, 서인국, VIXX (빅스)",Jelly Christmas 2012 HEART PROJECT,2019.12.09,171261,2019,12,9,2,1
34,Snowman,Sia,Everyday Is Christmas (Snowman Deluxe Edition),2019.12.16,265321,2019,12,16,3,1
22,Santa Tell Me,Ariana Grande,Santa Tell Me,2019.12.16,246443,2019,12,16,3,1
17,All I Want for Christmas Is You,Mariah Carey,Merry Christmas (Deluxe Anniversary Edition),2019.12.16,236565,2019,12,16,3,1
41,크리스마스니까,"성시경, 박효신, 이석훈, 서인국, VIXX (빅스)",Jelly Christmas 2012 HEART PROJECT,2019.12.16,171261,2019,12,16,3,1
36,미리 메리 크리스마스 (Feat. 천둥 Of MBLAQ),아이유,Real,2019.12.16,180205,2019,12,16,3,1
14,Santa Tell Me,Ariana Grande,Santa Tell Me,2019.12.23,246443,2019,12,23,4,1
88,Must Have Love,"SG 워너비, 브라운아이드걸스",SG워너비 & 브라운아이드걸스 싱글,2019.12.23,79477,2019,12,23,4,1
26,Snowman,Sia,Everyday Is Christmas (Snowman Deluxe Edition),2019.12.23,265321,2019,12,23,4,1
27,미리 메리 크리스마스 (Feat. 천둥 Of MBLAQ),아이유,Real,2019.12.23,180205,2019,12,23,4,1
90,Text Me Merry Christmas (Feat. Kristen Bell),Straight No Chaser,Under The Influence: Holiday Edition,2019.12.23,73545,2019,12,23,4,1
13,All I Want for Christmas Is You,Mariah Carey,Merry Christmas (Deluxe Anniversary Edition),2019.12.23,236565,2019,12,23,4,1
30,크리스마스니까,"성시경, 박효신, 이석훈, 서인국, VIXX (빅스)",Jelly Christmas 2012 HEART PROJECT,2019.12.23,171261,2019,12,23,4,1
82,크리스마스니까,"성시경, 박효신, 이석훈, 서인국, VIXX (빅스)",Jelly Christmas 2012 HEART PROJECT,2019.12.30,171261,2019,12,30,1,1
57,All I Want for Christmas Is You,Mariah Carey,Merry Christmas (Deluxe Anniversary Edition),2019.12.30,236565,2019,12,30,1,1
45,Santa Tell Me,Ariana Grande,Santa Tell Me,2019.12.30,246443,2019,12,30,1,1
77,미리 메리 크리스마스 (Feat. 천둥 Of MBLAQ),아이유,Real,2019.12.30,180205,2019,12,30,1,1
52,Snowman,Sia,Everyday Is Christmas (Snowman Deluxe Edition),2019.12.30,265321,2019,12,30,1,1
73,Santa Tell Me,Ariana Grande,Santa Tell Me,2020.01.06,246443,2019,1,6,2,1
68,Snowman,Sia,Everyday Is Christmas (Snowman Deluxe Edition),2020.01.06,265321,2019,1,6,2,1
94,미리 메리 크리스마스 (Feat. 천둥 Of MBLAQ),아이유,Real,2020.01.06,180205,2019,1,6,2,1
88,All I Want for Christmas Is You,Mariah Carey,Merry Christmas (Deluxe Anniversary Edition),2020.01.06,236565,2019,1,6,2,1
99,Santa Tell Me,Ariana Grande,Santa Tell Me,2020.01.13,246443,2019,1,13,3,1
85,Snowman,Sia,Everyday Is Christmas (Snowman Deluxe Edition),2020.01.13,265321,2019,1,13,3,1
97,Snowman,Sia,Everyday Is Christmas (Snowman Deluxe Edition),2020.01.20,265321,2019,1,20,4,1
67,벚꽃 엔딩,버스커 버스커,버스커 버스커 1집,2020.03.23,345227,2020,3,23,4,0
100,우연히 봄,"로꼬, 유주 (YUJU)",냄새를 보는 소녀 OST Part.2,2020.03.30,177245,2020,3,30,1,0
31,벚꽃 엔딩,버스커 버스커,버스커 버스커 1집,2020.03.30,345227,2020,3,30,1,0
71,봄 사랑 벚꽃 말고,"HIGH4 (하이포), 아이유",봄 사랑 벚꽃 말고,2020.03.30,234204,2020,3,30,1,0
91,"나만, 봄",볼빨간사춘기,사춘기집Ⅰ 꽃기운,2020.03.30,202685,2020,3,30,1,0
86,"나만, 봄",볼빨간사춘기,사춘기집Ⅰ 꽃기운,2020.04.06,202685,2020,4,6,2,0
39,벚꽃 엔딩,버스커 버스커,버스커 버스커 1집,2020.04.06,345227,2020,4,6,2,0
99,우연히 봄,"로꼬, 유주 (YUJU)",냄새를 보는 소녀 OST Part.2,2020.04.06,177245,2020,4,6,2,0
66,봄 사랑 벚꽃 말고,"HIGH4 (하이포), 아이유",봄 사랑 벚꽃 말고,2020.04.06,234204,2020,4,6,2,0
80,봄 사랑 벚꽃 말고,"HIGH4 (하이포), 아이유",봄 사랑 벚꽃 말고,2020.04.13,234204,2020,4,13,3,0
58,벚꽃 엔딩,버스커 버스커,버스커 버스커 1집,2020.04.13,345227,2020,4,13,3,0
98,봄 사랑 벚꽃 말고,"HIGH4 (하이포), 아이유",봄 사랑 벚꽃 말고,2020.04.20,234204,2020,4,20,4,0
87,벚꽃 엔딩,버스커 버스커,버스커 버스커 1집,2020.04.20,345227,2020,4,20,4,0
27,All I Want for Christmas Is You,Mariah Carey,Merry Christmas (Deluxe Anniversary Edition),2020.11.30,236565,2020,11,30,1,1
50,Santa Tell Me,Ariana Grande,Santa Tell Me,2020.11.30,246443,2020,11,30,1,1
93,Snowman,Sia,Everyday Is Christmas (Snowman Deluxe Edition),2020.11.30,265321,2020,11,30,1,1
49,Snowman,Sia,Everyday Is Christmas (Snowman Deluxe Edition),2020.12.07,265321,2020,12,7,2,1
90,크리스마스니까,"성시경, 박효신, 이석훈, 서인국, VIXX (빅스)",Jelly Christmas 2012 HEART PROJECT,2020.12.07,171261,2020,12,7,2,1
56,미리 메리 크리스마스 (Feat. 천둥 Of MBLAQ),아이유,Real,2020.12.07,180205,2020,12,7,2,1
21,Santa Tell Me,Ariana Grande,Santa Tell Me,2020.12.07,246443,2020,12,7,2,1
12,All I Want for Christmas Is You,Mariah Carey,Merry Christmas (Deluxe Anniversary Edition),2020.12.07,236565,2020,12,7,2,1
46,크리스마스니까,"성시경, 박효신, 이석훈, 서인국, VIXX (빅스)",Jelly Christmas 2012 HEART PROJECT,2020.12.14,171261,2020,12,14,3,1
19,미리 메리 크리스마스 (Feat. 천둥 Of MBLAQ),아이유,Real,2020.12.14,180205,2020,12,14,3,1
24,Snowman,Sia,Everyday Is Christmas (Snowman Deluxe Edition),2020.12.14,265321,2020,12,14,3,1
6,All I Want for Christmas Is You,Mariah Carey,Merry Christmas (Deluxe Anniversary Edition),2020.12.14,236565,2020,12,14,3,1
12,Santa Tell Me,Ariana Grande,Santa Tell Me,2020.12.14,246443,2020,12,14,3,1
10,미리 메리 크리스마스 (Feat. 천둥 Of MBLAQ),아이유,Real,2020.12.21,180205,2020,12,21,4,1
12,Snowman,Sia,Everyday Is Christmas (Snowman Deluxe Edition),2020.12.21,265321,2020,12,21,4,1
5,Santa Tell Me,Ariana Grande,Santa Tell Me,2020.12.21,246443,2020,12,21,4,1
18,크리스마스니까,"성시경, 박효신, 이석훈, 서인국, VIXX (빅스)",Jelly Christmas 2012 HEART PROJECT,2020.12.21,171261,2020,12,21,4,1
90,Last Christmas,Ariana Grande,Christmas Kisses,2020.12.21,70453,2020,12,21,4,1
2,All I Want for Christmas Is You,Mariah Carey,Merry Christmas (Deluxe Anniversary Edition),2020.12.21,236565,2020,12,21,4,1
81,Text Me Merry Christmas (Feat. Kristen Bell),Straight No Chaser,Under The Influence: Holiday Edition,2020.12.21,73545,2020,12,21,4,1
38,Snowman,Sia,Everyday Is Christmas (Snowman Deluxe Edition),2020.12.28,265321,2020,12,28,5,1
43,미리 메리 크리스마스 (Feat. 천둥 Of MBLAQ),아이유,Real,2020.12.28,180205,2020,12,28,5,1
23,All I Want for Christmas Is You,Mariah Carey,Merry Christmas (Deluxe Anniversary Edition),2020.12.28,236565,2020,12,28,5,1
29,Santa Tell Me,Ariana Grande,Santa Tell Me,2020.12.28,246443,2020,12,28,5,1
76,크리스마스니까,"성시경, 박효신, 이석훈, 서인국, VIXX (빅스)",Jelly Christmas 2012 HEART PROJECT,2020.12.28,171261,2020,12,28,5,1
77,미리 메리 크리스마스 (Feat. 천둥 Of MBLAQ),아이유,Real,2021.01.04,180205,2020,1,4,1,1
99,크리스마스니까,"성시경, 박효신, 이석훈, 서인국, VIXX (빅스)",Jelly Christmas 2012 HEART PROJECT,2021.01.04,171261,2020,1,4,1,1
63,Santa Tell Me,Ariana Grande,Santa Tell Me,2021.01.04,246443,2020,1,4,1,1
52,Snowman,Sia,Everyday Is Christmas (Snowman Deluxe Edition),2021.01.04,265321,2020,1,4,1,1
61,All I Want for Christmas Is You,Mariah Carey,Merry Christmas (Deluxe Anniversary Edition),2021.01.04,236566,2020,1,4,1,1
66,Snowman,Sia,Everyday Is Christmas (Snowman Deluxe Edition),2021.01.11,265321,2020,1,11,2,1
90,All I Want for Christmas Is You,Mariah Carey,Merry Christmas (Deluxe Anniversary Edition),2021.01.11,236566,2020,1,11,2,1
86,Santa Tell Me,Ariana Grande,Santa Tell Me,2021.01.11,246443,2020,1,11,2,1
92,미리 메리 크리스마스 (Feat. 천둥 Of MBLAQ),아이유,Real,2021.01.11,180205,2020,1,11,2,1
99,미리 메리 크리스마스 (Feat. 천둥 Of MBLAQ),아이유,Real,2021.01.18,180205,2020,1,18,3,1
73,Snowman,Sia,Everyday Is Christmas (Snowman Deluxe Edition),2021.01.18,265321,2020,1,18,3,1
98,All I Want for Christmas Is You,Mariah Carey,Merry Christmas (Deluxe Anniversary Edition),2021.01.18,236566,2020,1,18,3,1
93,Santa Tell Me,Ariana Grande,Santa Tell Me,2021.01.18,246443,2020,1,18,3,1
81,Snowman,Sia,Everyday Is Christmas (Snowman Deluxe Edition),2021.01.25,265321,2020,1,25,4,1
90,Snowman,Sia,Everyday Is Christmas (Snowman Deluxe Edition),2021.02.01,265321,2020,2,1,1,1
95,Snowman,Sia,Everyday Is Christmas (Snowman Deluxe Edition),2021.02.08,265321,2020,2,8,2,1
95,Snowman,Sia,Everyday Is Christmas (Snowman Deluxe Edition),2021.02.15,265321,2020,2,15,3,1
98,Snowman,Sia,Everyday Is Christmas (Snowman Deluxe Edition),2021.02.22,265321,2020,2,22,4,1
89,벚꽃 엔딩,버스커 버스커,버스커 버스커 1집,2021.03.29,345227,2021,3,29,1,0
99,봄 사랑 벚꽃 말고,"HIGH4 (하이포), 아이유",봄 사랑 벚꽃 말고,2021.03.29,234204,2021,3,29,1,0
83,벚꽃 엔딩,버스커 버스커,버스커 버스커 1집,2021.04.05,345227,2021,4,5,2,0
75,봄 사랑 벚꽃 말고,"HIGH4 (하이포), 아이유",봄 사랑 벚꽃 말고,2021.04.05,234204,2021,4,5,2,0
82,봄 사랑 벚꽃 말고,"HIGH4 (하이포), 아이유",봄 사랑 벚꽃 말고,2021.04.12,234204,2021,4,12,3,0
95,봄 사랑 벚꽃 말고,"HIGH4 (하이포), 아이유",봄 사랑 벚꽃 말고,2021.04.19,234204,2021,4,19,4,0
31,Santa Tell Me,Ariana Grande,Santa Tell Me,2021.11.29,246443,2021,11,29,1,1
62,Snowman,Sia,Everyday Is Christmas (Snowman Deluxe Edition),2021.11.29,265321,2021,11,29,1,1
95,미리 메리 크리스마스 (Feat. 천둥 Of MBLAQ),아이유,Real,2021.11.29,180205,2021,11,29,1,1
27,All I Want for Christmas Is You,Mariah Carey,Merry Christmas (Deluxe Anniversary Edition),2021.11.29,236565,2021,11,29,1,1
17,All I Want for Christmas Is You,Mariah Carey,Merry Christmas (Deluxe Anniversary Edition),2021.12.06,236565,2021,12,6,2,1
20,Santa Tell Me,Ariana Grande,Santa Tell Me,2021.12.06,246443,2021,12,6,2,1
41,Snowman,Sia,Everyday Is Christmas (Snowman Deluxe Edition),2021.12.06,265321,2021,12,6,2,1
62,Last Christmas,Ariana Grande,Christmas Kisses,2021.12.06,70453,2021,12,6,2,1
46,미리 메리 크리스마스 (Feat. 천둥 Of MBLAQ),아이유,Real,2021.12.06,180205,2021,12,6,2,1
66,크리스마스니까,"성시경, 박효신, 이석훈, 서인국, VIXX (빅스)",Jelly Christmas 2012 HEART PROJECT,2021.12.06,171261,2021,12,6,2,1
29,Snowman,Sia,Everyday Is Christmas (Snowman Deluxe Edition),2021.12.13,265321,2021,12,13,3,1
34,Last Christmas,Ariana Grande,Christmas Kisses,2021.12.13,70453,2021,12,13,3,1
27,미리 메리 크리스마스 (Feat. 천둥 Of MBLAQ),아이유,Real,2021.12.13,180205,2021,12,13,3,1
11,All I Want for Christmas Is You,Mariah Carey,Merry Christmas (Deluxe Anniversary Edition),2021.12.13,236565,2021,12,13,3,1
35,크리스마스니까,"성시경, 박효신, 이석훈, 서인국, VIXX (빅스)",Jelly Christmas 2012 HEART PROJECT,2021.12.13,171261,2021,12,13,3,1
15,Santa Tell Me,Ariana Grande,Santa Tell Me,2021.12.13,246443,2021,12,13,3,1
91,Underneath The Tree,Kelly Clarkson,Wrapped In Red (Deluxe Version),2021.12.20,59742,2021,12,20,4,1
18,크리스마스니까,"성시경, 박효신, 이석훈, 서인국, VIXX (빅스)",Jelly Christmas 2012 HEART PROJECT,2021.12.20,171261,2021,12,20,4,1
13,미리 메리 크리스마스 (Feat. 천둥 Of MBLAQ),아이유,Real,2021.12.20,180205,2021,12,20,4,1
66,Text Me Merry Christmas (Feat. Kristen Bell),Straight No Chaser,Under The Influence: Holiday Edition,2021.12.20,73545,2021,12,20,4,1
72,Make It To Christmas,Alessia Cara,Make It To Christmas,2021.12.20,59764,2021,12,20,4,1
4,All I Want for Christmas Is You,Mariah Carey,Merry Christmas (Deluxe Anniversary Edition),2021.12.20,236565,2021,12,20,4,1
53,첫 눈,EXO,겨울 스페셜 앨범 '12월의 기적 (Miracles In December)',2021.12.20,287039,2021,12,20,4,1
19,Last Christmas,Ariana Grande,Christmas Kisses,2021.12.20,70453,2021,12,20,4,1
16,Snowman,Sia,Everyday Is Christmas (Snowman Deluxe Edition),2021.12.20,265321,2021,12,20,4,1
6,Santa Tell Me,Ariana Grande,Santa Tell Me,2021.12.20,246443,2021,12,20,4,1
77,Must Have Love,"SG 워너비, 브라운아이드걸스",SG워너비 & 브라운아이드걸스 싱글,2021.12.20,79477,2021,12,20,4,1
36,Santa Tell Me,Ariana Grande,Santa Tell Me,2021.12.27,246443,2021,12,27,5,1
33,All I Want for Christmas Is You,Mariah Carey,Merry Christmas (Deluxe Anniversary Edition),2021.12.27,236565,2021,12,27,5,1
53,미리 메리 크리스마스 (Feat. 천둥 Of MBLAQ),아이유,Real,2021.12.27,180205,2021,12,27,5,1
84,Last Christmas,Ariana Grande,Christmas Kisses,2021.12.27,70453,2021,12,27,5,1
39,Snowman,Sia,Everyday Is Christmas (Snowman Deluxe Edition),2021.12.27,265321,2021,12,27,5,1
62,크리스마스니까,"성시경, 박효신, 이석훈, 서인국, VIXX (빅스)",Jelly Christmas 2012 HEART PROJECT,2021.12.27,171261,2021,12,27,5,1
63,Snowman,Sia,Everyday Is Christmas (Snowman Deluxe Edition),2022.01.03,265321,2021,1,3,1,1
88,All I Want for Christmas Is You,Mariah Carey,Merry Christmas (Deluxe Anniversary Edition),2022.01.03,236566,2021,1,3,1,1
97,미리 메리 크리스마스 (Feat. 천둥 Of MBLAQ),아이유,Real,2022.01.03,180205,2021,1,3,1,1
79,Santa Tell Me,Ariana Grande,Santa Tell Me,2022.01.03,246443,2021,1,3,1,1
97,Santa Tell Me,Ariana Grande,Santa Tell Me,2022.01.10,246443,2021,1,10,2,1
75,Snowman,Sia,Everyday Is Christmas (Snowman Deluxe Edition),2022.01.10,265321,2021,1,10,2,1
87,Snowman,Sia,Everyday Is Christmas (Snowman Deluxe Edition),2022.01.17,265321,2021,1,17,3,1
99,Snowman,Sia,Everyday Is Christmas (Snowman Deluxe Edition),2022.01.24,265321,2021,1,24,4,1
99,벚꽃 엔딩,버스커 버스커,버스커 버스커 1집,2022.03.28,345227,2022,3,28,5,0
98,봄 사랑 벚꽃 말고,"HIGH4 (하이포), 아이유",봄 사랑 벚꽃 말고,2022.03.28,234203,2022,3,28,5,0
43,벚꽃 엔딩,버스커 버스커,버스커 버스커 1집,2022.04.04,345227,2022,4,4,1,0
51,봄 사랑 벚꽃 말고,"HIGH4 (하이포), 아이유",봄 사랑 벚꽃 말고,2022.04.04,234203,2022,4,4,1,0
89,우연히 봄,"로꼬, 유주 (YUJU)",냄새를 보는 소녀 OST Part.2,2022.04.04,177245,2022,4,4,1,0
44,봄 사랑 벚꽃 말고,"HIGH4 (하이포), 아이유",봄 사랑 벚꽃 말고,2022.04.11,234204,2022,4,11,2,0
51,벚꽃 엔딩,버스커 버스커,버스커 버스커 1집,2022.04.11,345227,2022,4,11,2,0
85,우연히 봄,"로꼬, 유주 (YUJU)",냄새를 보는 소녀 OST Part.2,2022.04.11,177245,2022,4,11,2,0
82,벚꽃 엔딩,버스커 버스커,버스커 버스커 1집,2022.04.18,345227,2022,4,18,3,0
94,우연히 봄,"로꼬, 유주 (YUJU)",냄새를 보는 소녀 OST Part.2,2022.04.18,177245,2022,4,18,3,0
66,봄 사랑 벚꽃 말고,"HIGH4 (하이포), 아이유",봄 사랑 벚꽃 말고,2022.04.18,234204,2022,4,18,3,0
83,봄 사랑 벚꽃 말고,"HIGH4 (하이포), 아이유",봄 사랑 벚꽃 말고,2022.04.25,234204,2022,4,25,4,0
100,벚꽃 엔딩,버스커 버스커,버스커 버스커 1집,2022.04.25,345227,2022,4,25,4,0
92,봄 사랑 벚꽃 말고,"HIGH4 (하이포), 아이유",봄 사랑 벚꽃 말고,2022.05.02,234204,2022,5,2,1,0
34,Snowman,Sia,Everyday Is Christmas (Snowman Deluxe Edition),2022.11.28,265321,2022,11,28,1,1
97,첫 눈,EXO,겨울 스페셜 앨범 '12월의 기적 (Miracles In December)',2022.11.28,287039,2022,11,28,1,1
67,Santa Tell Me,Ariana Grande,Santa Tell Me,2022.11.28,246443,2022,11,28,1,1
47,All I Want for Christmas Is You,Mariah Carey,Merry Christmas (Deluxe Anniversary Edition),2022.11.28,236566,2022,11,28,1,1
95,Last Christmas,Ariana Grande,Christmas Kisses,2022.11.28,70453,2022,11,28,1,1
23,All I Want for Christmas Is You,Mariah Carey,Merry Christmas (Deluxe Anniversary Edition),2022.12.05,236566,2022,12,5,2,1
34,Santa Tell Me,Ariana Grande,Santa Tell Me,2022.12.05,246443,2022,12,5,2,1
69,크리스마스니까,"성시경, 박효신, 이석훈, 서인국, VIXX (빅스)",Jelly Christmas 2012 HEART PROJECT,2022.12.05,171261,2022,12,5,2,1
99,Make It To Christmas,Alessia Cara,Make It To Christmas,2022.12.05,59764,2022,12,5,2,1
18,Snowman,Sia,Everyday Is Christmas (Snowman Deluxe Edition),2022.12.05,265321,2022,12,5,2,1
57,첫 눈,EXO,겨울 스페셜 앨범 '12월의 기적 (Miracles In December)',2022.12.05,287039,2022,12,5,2,1
54,Last Christmas,Ariana Grande,Christmas Kisses,2022.12.05,70453,2022,12,5,2,1
65,미리 메리 크리스마스 (Feat. 천둥 Of MBLAQ),아이유,Real,2022.12.05,180205,2022,12,5,2,1
17,Santa Tell Me,Ariana Grande,Santa Tell Me,2022.12.12,246443,2022,12,12,3,1
12,Snowman,Sia,Everyday Is Christmas (Snowman Deluxe Edition),2022.12.12,265321,2022,12,12,3,1
32,Last Christmas,Ariana Grande,Christmas Kisses,2022.12.12,70453,2022,12,12,3,1
33,첫 눈,EXO,겨울 스페셜 앨범 '12월의 기적 (Miracles In December)',2022.12.12,287039,2022,12,12,3,1
39,크리스마스니까,"성시경, 박효신, 이석훈, 서인국, VIXX (빅스)",Jelly Christmas 2012 HEART PROJECT,2022.12.12,171261,2022,12,12,3,1
13,All I Want for Christmas Is You,Mariah Carey,Merry Christmas (Deluxe Anniversary Edition),2022.12.12,236566,2022,12,12,3,1
34,미리 메리 크리스마스 (Feat. 천둥 Of MBLAQ),아이유,Real,2022.12.12,180205,2022,12,12,3,1
73,Make It To Christmas,Alessia Cara,Make It To Christmas,2022.12.12,59764,2022,12,12,3,1
76,Text Me Merry Christmas (Feat. Kristen Bell),Straight No Chaser,Under The Influence: Holiday Edition,2022.12.19,73545,2022,12,19,4,1
82,Underneath The Tree,Kelly Clarkson,Wrapped In Red (Deluxe Version),2022.12.19,59742,2022,12,19,4,1
20,크리스마스니까,"성시경, 박효신, 이석훈, 서인국, VIXX (빅스)",Jelly Christmas 2012 HEART PROJECT,2022.12.19,171261,2022,12,19,4,1
22,첫 눈,EXO,겨울 스페셜 앨범 '12월의 기적 (Miracles In December)',2022.12.19,287039,2022,12,19,4,1
18,미리 메리 크리스마스 (Feat. 천둥 Of MBLAQ),아이유,Real,2022.12.19,180205,2022,12,19,4,1
17,Last Christmas,Ariana Grande,Christmas Kisses,2022.12.19,70453,2022,12,19,4,1
10,Snowman,Sia,Everyday Is Christmas (Snowman Deluxe Edition),2022.12.19,265321,2022,12,19,4,1
7,All I Want for Christmas Is You,Mariah Carey,Merry Christmas (Deluxe Anniversary Edition),2022.12.19,236566,2022,12,19,4,1
14,Santa Tell Me,Ariana Grande,Santa Tell Me,2022.12.19,246443,2022,12,19,4,1
100,Last Christmas,WHAM!,George Michael & Wham! Last Christmas: The Original Motion Picture Soundtrack (영화 '라스트 크리스마스' OST),2022.12.19,27680,2022,12,19,4,1
44,Make It To Christmas,Alessia Cara,Make It To Christmas,2022.12.19,59764,2022,12,19,4,1
73,Must Have Love,"SG 워너비, 브라운아이드걸스",SG워너비 & 브라운아이드걸스 싱글,2022.12.19,79477,2022,12,19,4,1
44,All I Want for Christmas Is You,Mariah Carey,Merry Christmas (Deluxe Anniversary Edition),2022.12.26,236566,2022,12,26,5,1
77,Last Christmas,Ariana Grande,Christmas Kisses,2022.12.26,70453,2022,12,26,5,1
63,미리 메리 크리스마스 (Feat. 천둥 Of MBLAQ),아이유,Real,2022.12.26,180205,2022,12,26,5,1
69,크리스마스니까,"성시경, 박효신, 이석훈, 서인국, VIXX (빅스)",Jelly Christmas 2012 HEART PROJECT,2022.12.26,171261,2022,12,26,5,1
61,첫 눈,EXO,겨울 스페셜 앨범 '12월의 기적 (Miracles In December)',2022.12.26,287039,2022,12,26,5,1
60,Santa Tell Me,Ariana Grande,Santa Tell Me,2022.12.26,246443,2022,12,26,5,1
22,Snowman,Sia,Everyday Is Christmas (Snowman Deluxe Edition),2022.12.26,265321,2022,12,26,5,1
93,All I Want for Christmas Is You,Mariah Carey,Merry Christmas (Deluxe Anniversary Edition),2023.01.02,236566,2022,1,2,1,1
87,첫 눈,EXO,겨울 스페셜 앨범 '12월의 기적 (Miracles In December)',2023.01.02,287040,2022,1,2,1,1
44,Snowman,Sia,Everyday Is Christmas (Snowman Deluxe Edition),2023.01.02,265321,2022,1,2,1,1
54,Snowman,Sia,Everyday Is Christmas (Snowman Deluxe Edition),2023.01.09,265321,2022,1,9,2,1
66,Snowman,Sia,Everyday Is Christmas (Snowman Deluxe Edition),2023.01.16,265321,2022,1,16,3,1
70,Snowman,Sia,Everyday Is Christmas (Snowman Deluxe Edition),2023.01.23,265321,2022,1,23,4,1
87,Snowman,Sia,Everyday Is Christmas (Snowman Deluxe Edition),2023.01.30,265321,2022,1,30,1,1
95,Snowman,Sia,Everyday Is Christmas (Snowman Deluxe Edition),2023.02.06,265321,2022,2,6,2,1
99,봄 사랑 벚꽃 말고,"HIGH4 (하이포), 아이유",봄 사랑 벚꽃 말고,2023.03.20,234203,2023,3,20,4,0
86,우연히 봄,"로꼬, 유주 (YUJU)",냄새를 보는 소녀 OST Part.2,2023.03.27,177245,2023,3,27,5,0
56,봄 사랑 벚꽃 말고,"HIGH4 (하이포), 아이유",봄 사랑 벚꽃 말고,2023.03.27,234203,2023,3,27,5,0
53,벚꽃 엔딩,버스커 버스커,버스커 버스커 1집,2023.03.27,345227,2023,3,27,5,0
100,"나만, 봄",볼빨간사춘기,사춘기집Ⅰ 꽃기운,2023.03.27,202684,2023,3,27,5,0
67,벚꽃 엔딩,버스커 버스커,버스커 버스커 1집,2023.04.03,345227,2023,4,3,1,0
82,우연히 봄,"로꼬, 유주 (YUJU)",냄새를 보는 소녀 OST Part.2,2023.04.03,177245,2023,4,3,1,0
54,봄 사랑 벚꽃 말고,"HIGH4 (하이포), 아이유",봄 사랑 벚꽃 말고,2023.04.03,234203,2023,4,3,1,0
74,봄 사랑 벚꽃 말고,"HIGH4 (하이포), 아이유",봄 사랑 벚꽃 말고,2023.04.10,234203,2023,4,10,2,0
96,벚꽃 엔딩,버스커 버스커,버스커 버스커 1집,2023.04.10,345227,2023,4,10,2,0
95,봄 사랑 벚꽃 말고,"HIGH4 (하이포), 아이유",봄 사랑 벚꽃 말고,2023.04.17,234203,2023,4,17,3,0
54,크리스마스니까,"성시경, 박효신, 이석훈, 서인국, VIXX (빅스)",Jelly Christmas 2012 HEART PROJECT,2023.12.04,171262,2023,12,4,1,1
11,첫 눈,EXO,겨울 스페셜 앨범 '12월의 기적 (Miracles In December)',2023.12.04,287039,2023,12,4,1,1
59,Last Christmas,Ariana Grande,Christmas Kisses,2023.12.04,70453,2023,12,4,1,1
24,All I Want for Christmas Is You,Mariah Carey,Merry Christmas (Deluxe Anniversary Edition),2023.12.04,236566,2023,12,4,1,1
65,미리 메리 크리스마스 (Feat. 천둥 Of MBLAQ),아이유,Real,2023.12.04,180205,2023,12,4,1,1
35,Santa Tell Me,Ariana Grande,Santa Tell Me,2023.12.04,246443,2023,12,4,1,1
32,Snowman,Sia,Everyday Is Christmas (Snowman Deluxe Edition),2023.12.04,265321,2023,12,4,1,1
42,미리 메리 크리스마스 (Feat. 천둥 Of MBLAQ),아이유,Real,2023.12.11,180205,2023,12,11,2,1
14,All I Want for Christmas Is You,Mariah Carey,Merry Christmas (Deluxe Anniversary Edition),2023.12.11,236566,2023,12,11,2,1
28,Santa Tell Me,Ariana Grande,Santa Tell Me,2023.12.11,246443,2023,12,11,2,1
4,첫 눈,EXO,겨울 스페셜 앨범 '12월의 기적 (Miracles In December)',2023.12.11,287039,2023,12,11,2,1
34,크리스마스니까,"성시경, 박효신, 이석훈, 서인국, VIXX (빅스)",Jelly Christmas 2012 HEART PROJECT,2023.12.11,171262,2023,12,11,2,1
23,Snowman,Sia,Everyday Is Christmas (Snowman Deluxe Edition),2023.12.11,265321,2023,12,11,2,1
44,Last Christmas,Ariana Grande,Christmas Kisses,2023.12.11,70453,2023,12,11,2,1
5,All I Want for Christmas Is You,Mariah Carey,Merry Christmas (Deluxe Anniversary Edition),2023.12.18,236566,2023,12,18,3,1
72,Make It To Christmas,Alessia Cara,Make It To Christmas,2023.12.18,59764,2023,12,18,3,1
10,Santa Tell Me,Ariana Grande,Santa Tell Me,2023.12.18,246443,2023,12,18,3,1
60,Underneath The Tree,Kelly Clarkson,Wrapped In Red (Deluxe Version),2023.12.18,59742,2023,12,18,3,1
12,크리스마스니까,"성시경, 박효신, 이석훈, 서인국, VIXX (빅스)",Jelly Christmas 2012 HEART PROJECT,2023.12.18,171262,2023,12,18,3,1
85,Text Me Merry Christmas (Feat. Kristen Bell),Straight No Chaser,Under The Influence: Holiday Edition,2023.12.18,73545,2023,12,18,3,1
1,첫 눈,EXO,겨울 스페셜 앨범 '12월의 기적 (Miracles In December)',2023.12.18,287039,2023,12,18,3,1
9,Snowman,Sia,Everyday Is Christmas (Snowman Deluxe Edition),2023.12.18,265321,2023,12,18,3,1
15,미리 메리 크리스마스 (Feat. 천둥 Of MBLAQ),아이유,Real,2023.12.18,180205,2023,12,18,3,1
20,Last Christmas,Ariana Grande,Christmas Kisses,2023.12.18,70453,2023,12,18,3,1
56,Must Have Love,"SG 워너비, 브라운아이드걸스",SG워너비 & 브라운아이드걸스 싱글,2023.12.18,79477,2023,12,18,3,1
97,Last Christmas,WHAM!,George Michael & Wham! Last Christmas: The Original Motion Picture Soundtrack (영화 '라스트 크리스마스' OST),2023.12.18,27680,2023,12,18,3,1
22,Snowman,Sia,Everyday Is Christmas (Snowman Deluxe Edition),2023.12.25,265321,2023,12,25,4,1
25,All I Want for Christmas Is You,Mariah Carey,Merry Christmas (Deluxe Anniversary Edition),2023.12.25,236566,2023,12,25,4,1
41,미리 메리 크리스마스 (Feat. 천둥 Of MBLAQ),아이유,Real,2023.12.25,180205,2023,12,25,4,1
88,Must Have Love,"SG 워너비, 브라운아이드걸스",SG워너비 & 브라운아이드걸스 싱글,2023.12.25,79477,2023,12,25,4,1
64,Last Christmas,Ariana Grande,Christmas Kisses,2023.12.25,70453,2023,12,25,4,1
37,Santa Tell Me,Ariana Grande,Santa Tell Me,2023.12.25,246443,2023,12,25,4,1
30,크리스마스니까,"성시경, 박효신, 이석훈, 서인국, VIXX (빅스)",Jelly Christmas 2012 HEART PROJECT,2023.12.25,171262,2023,12,25,4,1
2,첫 눈,EXO,겨울 스페셜 앨범 '12월의 기적 (Miracles In December)',2023.12.25,287039,2023,12,25,4,1
5,첫 눈,EXO,겨울 스페셜 앨범 '12월의 기적 (Miracles In December)',2024.01.01,287040,2023,1,1,1,1
84,크리스마스니까,"성시경, 박효신, 이석훈, 서인국, VIXX (빅스)",Jelly Christmas 2012 HEART PROJECT,2024.01.01,171262,2023,1,1,1,1
94,All I Want for Christmas Is You,Mariah Carey,Merry Christmas (Deluxe Anniversary Edition),2024.01.01,236566,2023,1,1,1,1
72,Snowman,Sia,Everyday Is Christmas (Snowman Deluxe Edition),2024.01.01,265321,2023,1,1,1,1
7,첫 눈,EXO,겨울 스페셜 앨범 '12월의 기적 (Miracles In December)',2024.01.08,287040,2023,1,8,2,1
82,Snowman,Sia,Everyday Is Christmas (Snowman Deluxe Edition),2024.01.08,265321,2023,1,8,2,1
11,첫 눈,EXO,겨울 스페셜 앨범 '12월의 기적 (Miracles In December)',2024.01.15,287040,2023,1,15,3,1
87,Snowman,Sia,Everyday Is Christmas (Snowman Deluxe Edition),2024.01.15,265321,2023,1,15,3,1
100,Snowman,Sia,Everyday Is Christmas (Snowman Deluxe Edition),2024.01.22,265321,2023,1,22,4,1
16,첫 눈,EXO,겨울 스페셜 앨범 '12월의 기적 (Miracles In December)',2024.01.22,287040,2023,1,22,4,1
20,첫 눈,EXO,겨울 스페셜 앨범 '12월의 기적 (Miracles In December)',2024.01.29,287040,2023,1,29,1,1
31,첫 눈,EXO,겨울 스페셜 앨범 '12월의 기적 (Miracles In December)',2024.02.05,287040,2023,2,5,2,1
37,첫 눈,EXO,겨울 스페셜 앨범 '12월의 기적 (Miracles In December)',2024.02.12,287040,2023,2,12,3,1
51,첫 눈,EXO,겨울 스페셜 앨범 '12월의 기적 (Miracles In December)',2024.02.19,287040,2023,2,19,4,1
60,첫 눈,EXO,겨울 스페셜 앨범 '12월의 기적 (Miracles In December)',2024.02.26,287040,2023,2,26,5,1
70,첫 눈,EXO,겨울 스페셜 앨범 '12월의 기적 (Miracles In December)',2024.03.04,287040,2024,3,4,1,0
78,첫 눈,EXO,겨울 스페셜 앨범 '12월의 기적 (Miracles In December)',2024.03.11,287040,2024,3,11,2,0
82,첫 눈,EXO,겨울 스페셜 앨범 '12월의 기적 (Miracles In December)',2024.03.18,287040,2024,3,18,3,0
99,봄 사랑 벚꽃 말고,"HIGH4 (하이포), 아이유",봄 사랑 벚꽃 말고,2024.03.25,234203,2024,3,25,4,0
91,첫 눈,EXO,겨울 스페셜 앨범 '12월의 기적 (Miracles In December)',2024.03.25,287040,2024,3,25,4,0
52,벚꽃 엔딩,버스커 버스커,버스커 버스커 1집,2024.04.01,345227,2024,4,1,1,0
62,봄 사랑 벚꽃 말고,"HIGH4 (하이포), 아이유",봄 사랑 벚꽃 말고,2024.04.01,234203,2024,4,1,1,0
85,우연히 봄,"로꼬, 유주 (YUJU)",냄새를 보는 소녀 OST Part.2,2024.04.01,177243,2024,4,1,1,0
49,벚꽃 엔딩,버스커 버스커,버스커 버스커 1집,2024.04.08,345227,2024,4,8,2,0
51,봄 사랑 벚꽃 말고,"HIGH4 (하이포), 아이유",봄 사랑 벚꽃 말고,2024.04.08,234203,2024,4,8,2,0
79,우연히 봄,"로꼬, 유주 (YUJU)",냄새를 보는 소녀 OST Part.2,2024.04.08,177243,2024,4,8,2,0
